name,datetime,tempmax,tempmin,temp,feelslikemax,feelslikemin,feelslike,dew,humidity,precip,precipprob,precipcover,preciptype,snow,snowdepth,windgust,windspeed,winddir,sealevelpressure,cloudcover,visibility,solarradiation,solarenergy,uvindex,severerisk,sunrise,sunset,moonphase,conditions,description,icon,stations
thu dau mot,2022-01-01,33,23,27.5,33.5,23,28.2,18.2,58.5,0,0,0,,0,0,,14.8,73.6,1013,45,10.3,180,15.5,6,,2022-01-01T06:12:03,2022-01-01T17:41:39,0.99,Partially cloudy,Partly cloudy throughout the day.,partly-cloudy-day,"48894099999,48900099999,VVTS"
thu dau mot,2022-01-02,32.6,23,27.6,33.3,23,28.8,20.2,65.7,0,0,0,,0,0,,14.8,85.4,1012.3,48.1,10.2,208.1,17.9,8,,2022-01-02T06:12:27,2022-01-02T17:42:12,1,Partially cloudy,Partly cloudy throughout the day.,partly-cloudy-day,"48894099999,48900099999,VVTS"
thu dau mot,2022-01-03,32,24.1,27.5,34.2,24.1,28.5,20.8,68.3,0,0,0,,0,0,,13,39.5,1011.4,49.8,10,161.3,14,6,,2022-01-03T06:12:50,2022-01-03T17:42:45,0,Partially cloudy,Partly cloudy throughout the day.,partly-cloudy-day,"48894099999,48900099999,VVTS"
thu dau mot,2022-01-04,32,24,27.3,35.8,24,28.9,22.3,75.4,4,100,4.17,rain,0,0,,13,121,1011.5,48.6,9.3,228.8,19.8,8,,2022-01-04T06:13:12,2022-01-04T17:43:18,0.02,"Rain, Partially cloudy",Partly cloudy throughout the day with late afternoon rain.,rain,"48894099999,48900099999,VVTS"
thu dau mot,2022-01-05,32,24,27.6,35.8,24,29.5,22,72.3,0,0,0,,0,0,,10.7,117.8,1011.5,56.4,9.9,230.8,19.8,8,,2022-01-05T06:13:33,2022-01-05T17:43:51,0.05,Partially cloudy,Partly cloudy throughout the day.,partly-cloudy-day,"48894099999,48900099999,VVTS"
thu dau mot,2022-01-06,31,24.1,27.6,35.5,24.1,30,22.8,76.1,0,0,0,,0,0,,9.4,149.2,1011.8,66.5,8.9,205.4,17.7,7,,2022-01-06T06:13:54,2022-01-06T17:44:23,0.09,Partially cloudy,Partly cloudy throughout the day.,partly-cloudy-day,"48894099999,48900099999,VVTS"
thu dau mot,2022-01-07,33,26,28.4,36.1,26,30.2,22.1,70.3,0,0,0,,0,0,,18.4,129.1,1012.2,63.7,9.3,248.9,21.5,9,,2022-01-07T06:14:14,2022-01-07T17:44:56,0.14,Partially cloudy,Partly cloudy throughout the day.,partly-cloudy-day,"48894099999,48900099999,VVTS"
thu dau mot,2022-01-08,33,24,27.8,36.1,24,29.2,21,68,0.3,100,12.5,rain,0,0,,13,162.2,1012.1,48.1,9.5,251.8,22,9,,2022-01-08T06:14:32,2022-01-08T17:45:29,0.19,"Rain, Partially cloudy",Partly cloudy throughout the day with rain in the morning and afternoon.,rain,"48894099999,48900099999,VVTS"
thu dau mot,2022-01-09,32.9,23,27.4,34.1,23,28.5,21.1,70.9,0,0,0,,0,0,,18.4,107.8,1011.1,47.3,10.3,250.7,21.8,9,,2022-01-09T06:14:50,2022-01-09T17:46:01,0.24,Partially cloudy,Partly cloudy throughout the day.,partly-cloudy-day,"48894099999,48900099999,VVTS"
thu dau mot,2022-01-10,32,25,27.9,34.9,25,29.5,21.8,71.1,0,0,0,,0,0,27,15.2,121.9,1011.7,60.3,9.4,250.9,21.7,9,10,2022-01-10T06:15:07,2022-01-10T17:46:34,0.28,Partially cloudy,Partly cloudy throughout the day.,partly-cloudy-day,"48894099999,48900099999,VVTS"
thu dau mot,2022-01-11,34,24,27.8,34,24,28.6,20,64.9,0,0,0,,0,0,33.5,16.3,107.1,1012.6,45,10.2,265.9,23.1,8,10,2022-01-11T06:15:23,2022-01-11T17:47:06,0.33,Partially cloudy,Partly cloudy throughout the day.,partly-cloudy-day,"48894099999,48900099999,VVTS"
thu dau mot,2022-01-12,32,22,26.7,32.4,22,26.9,18.1,61.9,0,0,0,,0,0,28.8,14.8,117.3,1013.1,38.2,10.3,262.6,22.9,8,10,2022-01-12T06:15:39,2022-01-12T17:47:38,0.38,Partially cloudy,Partly cloudy throughout the day.,partly-cloudy-day,"48894099999,48900099999,VVTS"
thu dau mot,2022-01-13,30,21,26.1,31.4,21,26.7,19.3,68.5,0,0,0,,0,0,30.6,14.8,190.9,1013.2,38.8,9.2,270.1,23.5,8,10,2022-01-13T06:15:53,2022-01-13T17:48:10,0.41,Partially cloudy,Partly cloudy throughout the day.,partly-cloudy-day,"48894099999,48900099999,VVTS"
thu dau mot,2022-01-14,33,22.1,27.1,32.6,22.1,27.2,17.9,60.4,0,0,0,,0,0,24.1,16.6,83.9,1013.3,59.5,9.8,258.1,22.6,8,10,2022-01-14T06:16:06,2022-01-14T17:48:41,0.45,Partially cloudy,Partly cloudy throughout the day.,partly-cloudy-day,"48894099999,48900099999,VVTS"
thu dau mot,2022-01-15,34,21,26.7,33.7,21,27.1,18.9,65.9,0,0,0,,0,0,37.1,14.8,149.6,1012.6,48.7,9.1,269.9,23.5,8,10,2022-01-15T06:16:18,2022-01-15T17:49:12,0.47,Partially cloudy,Partly cloudy throughout the day.,partly-cloudy-day,"48894099999,48900099999,VVTS"
thu dau mot,2022-01-16,33,22,27.6,33.5,22,28,18.5,60.9,0,0,0,,0,0,24.1,16.6,120.1,1012.4,29.2,10.2,249.7,21.7,8,10,2022-01-16T06:16:30,2022-01-16T17:49:43,0.49,Partially cloudy,Partly cloudy throughout the day.,partly-cloudy-day,"48894099999,48900099999,VVTS"
thu dau mot,2022-01-17,32,24,27.6,34.2,24,28.4,19.8,63.6,0,0,0,,0,0,23.8,11.2,107.7,1012.5,58.1,9.4,265,22.9,8,10,2022-01-17T06:16:40,2022-01-17T17:50:13,0.5,Partially cloudy,Partly cloudy throughout the day.,partly-cloudy-day,"48894099999,48900099999,VVTS"
thu dau mot,2022-01-18,33,23,27.4,34.5,23,28.2,20.3,67.7,0,0,0,,0,0,30.6,18.4,154.6,1011.6,44.1,9.7,269.8,23.4,8,10,2022-01-18T06:16:49,2022-01-18T17:50:43,0.5,Partially cloudy,Partly cloudy throughout the day.,partly-cloudy-day,"48894099999,48900099999,VVTS"
thu dau mot,2022-01-19,31.8,24,27.1,32.8,24,27.7,20.1,67.6,0,0,0,,0,0,27.7,18.4,206.1,1010.5,46.6,9.9,262,22.7,8,10,2022-01-19T06:16:58,2022-01-19T17:51:13,0.52,Partially cloudy,Partly cloudy throughout the day.,partly-cloudy-day,"48894099999,48900099999,VVTS"
thu dau mot,2022-01-20,32,23,27,32.9,23,27.6,20.1,68.8,0,0,0,,0,0,29.9,14.8,198.8,1010.3,43.6,9,272,23.6,8,10,2022-01-20T06:17:05,2022-01-20T17:51:42,0.53,Partially cloudy,Partly cloudy throughout the day.,partly-cloudy-day,"48894099999,48900099999,VVTS"
thu dau mot,2022-01-21,33.7,23,27.3,34.9,23,28.1,19.9,66,0,0,0,,0,0,29.2,22.3,169.7,1010.7,49,9.5,268,23.3,8,10,2022-01-21T06:17:11,2022-01-21T17:52:11,0.56,Partially cloudy,Partly cloudy throughout the day.,partly-cloudy-day,"48894099999,48900099999,VVTS"
thu dau mot,2022-01-22,33.7,23,27.4,34.9,23,28.1,20.3,67.4,0,0,0,,0,0,29.2,21.5,151.9,1009.6,43,10,273.2,23.7,8,10,2022-01-22T06:17:16,2022-01-22T17:52:39,0.6,Partially cloudy,Partly cloudy throughout the day.,partly-cloudy-day,"48894099999,48900099999,VVTS"
thu dau mot,2022-01-23,33,24.9,27.6,35.3,24.9,29,21.6,71.3,0,0,0,,0,0,22.3,16.6,151.8,1009.8,61.3,10.3,270.3,23.5,8,10,2022-01-23T06:17:20,2022-01-23T17:53:07,0.65,Partially cloudy,Partly cloudy throughout the day.,partly-cloudy-day,"48894099999,48900099999,VVTS"
thu dau mot,2022-01-24,33,24.9,28.1,36.1,24.9,29.8,22.3,72.9,0,0,0,,0,0,29.9,18.4,171.6,1009.6,47.7,9.6,272.5,23.8,8,10,2022-01-24T06:17:23,2022-01-24T17:53:34,0.7,Partially cloudy,Partly cloudy throughout the day.,partly-cloudy-day,"48894099999,48900099999,VVTS"
thu dau mot,2022-01-25,31,25,27.6,35.3,25,29.5,22.5,74.8,0,0,0,,0,0,29.9,18.4,151.9,1009.9,51,9.9,245.9,21.4,7,10,2022-01-25T06:17:25,2022-01-25T17:54:01,0.75,Partially cloudy,Partly cloudy throughout the day.,partly-cloudy-day,"48894099999,48900099999,VVTS"
thu dau mot,2022-01-26,33,24,27.5,35.3,24,29,22.5,75.9,0,0,0,,0,0,29.2,17.9,129.2,1010.2,46.5,9.1,267.4,23.2,8,10,2022-01-26T06:17:26,2022-01-26T17:54:27,0.81,Partially cloudy,Partly cloudy throughout the day.,partly-cloudy-day,"48894099999,48900099999,VVTS"
thu dau mot,2022-01-27,35,24,27.8,35.1,24,28.8,21.4,73.1,0,0,0,,0,0,32.8,20.5,199.9,1009.7,40.9,8.1,269.6,23.5,9,10,2022-01-27T06:17:26,2022-01-27T17:54:53,0.86,Partially cloudy,Partly cloudy throughout the day.,partly-cloudy-day,"48894099999,48900099999,VVTS"
thu dau mot,2022-01-28,33,24,27.8,34.6,24,29.2,21.8,72.5,0,0,0,,0,0,21.6,13,273.2,1010.2,46,9.4,272.4,23.7,9,10,2022-01-28T06:17:25,2022-01-28T17:55:18,0.91,Partially cloudy,Partly cloudy throughout the day.,partly-cloudy-day,"48894099999,48900099999,VVTS"
thu dau mot,2022-01-29,33,25,28,35.3,25,30,23.1,76.5,0,0,0,,0,0,26.3,14.8,210.4,1009.9,57.9,9.6,268.2,23.4,8,10,2022-01-29T06:17:22,2022-01-29T17:55:43,0.95,Partially cloudy,Partly cloudy throughout the day.,partly-cloudy-day,"48894099999,48900099999,VVTS"
thu dau mot,2022-01-30,32,25.9,27.7,35.8,25.9,29.3,22.6,74.7,0,0,0,rain,0,0,26.3,24.1,159.3,1010.3,56.6,9.9,250.3,21.9,8,10,2022-01-30T06:17:19,2022-01-30T17:56:07,0.98,Partially cloudy,Partly cloudy throughout the day.,partly-cloudy-day,"48894099999,48900099999,VVTS"
thu dau mot,2022-01-31,34,24.9,28.4,35.8,24.9,29.2,20.3,64.1,0,0,0,,0,0,32.8,22.3,136.9,1009.9,40.1,10.4,268.6,23.1,8,10,2022-01-31T06:17:15,2022-01-31T17:56:30,1,Partially cloudy,Partly cloudy throughout the day.,partly-cloudy-day,"48894099999,48900099999,VVTS"
thu dau mot,2022-02-01,35,25,29.1,36.3,25,29.9,19.8,60.1,0,0,0,,0,0,33.8,18.4,130.5,1010.2,36.2,10.3,270.7,23.6,8,10,2022-02-01T06:17:09,2022-02-01T17:56:53,0,Partially cloudy,Partly cloudy throughout the day.,partly-cloudy-day,"48894099999,48900099999,VVTS"
thu dau mot,2022-02-02,35,24,29.2,36.3,24,30.1,19.3,57.5,0,0,0,,0,0,35.3,20.5,136.1,1010.9,31.3,10.3,278.7,24.2,9,10,2022-02-02T06:17:03,2022-02-02T17:57:15,0.01,Partially cloudy,Partly cloudy throughout the day.,partly-cloudy-day,"48894099999,48900099999,VVTS"
thu dau mot,2022-02-03,36,24,29.1,36.8,24,30.6,20.6,62.5,0.5,100,4.17,rain,0,0,32.4,19.9,129.4,1010.6,38.5,10.3,244.9,21.5,8,10,2022-02-03T06:16:55,2022-02-03T17:57:36,0.03,"Rain, Partially cloudy",Partly cloudy throughout the day with late afternoon rain.,rain,"48894099999,48900099999,VVTS"
thu dau mot,2022-02-04,35,24,28.8,36.3,24,30.3,21.2,66.4,0.3,100,8.33,rain,0,0,19.4,14,110,1010,53,10.2,279,24.3,9,10,2022-02-04T06:16:47,2022-02-04T17:57:57,0.07,"Rain, Partially cloudy",Partly cloudy throughout the day with rain.,rain,"48894099999,48900099999,VVTS"
thu dau mot,2022-02-05,35,24,28.7,35.7,24,29.7,19.7,60.6,0,0,0,,0,0,24.5,14.8,79.6,1010.4,43.3,10.3,263.7,23.2,8,10,2022-02-05T06:16:37,2022-02-05T17:58:18,0.11,Partially cloudy,Partly cloudy throughout the day.,partly-cloudy-day,"48894099999,48900099999,VVTS"
thu dau mot,2022-02-06,33,23,28.5,33,23,29.4,18.6,56.7,0.2,100,8.33,rain,0,0,25.9,19.1,65.6,1011,55.6,10.3,232.3,20.4,8,10,2022-02-06T06:16:27,2022-02-06T17:58:37,0.15,"Rain, Partially cloudy",Partly cloudy throughout the day with rain.,rain,"48894099999,48900099999,VVTS"
thu dau mot,2022-02-07,34.7,24,29.2,36.2,24,30.7,20.4,61.1,0,0,0,,0,0,30.6,18.4,134.4,1010.5,49.2,10.3,241.6,21.1,8,10,2022-02-07T06:16:15,2022-02-07T17:58:56,0.2,Partially cloudy,Partly cloudy throughout the day.,partly-cloudy-day,"48894099999,48900099999,VVTS"
thu dau mot,2022-02-08,33,26.9,28.8,36.2,28.4,31,20.8,62.8,1.2,100,16.67,rain,0,0,36,17.6,123.9,1010.4,44.3,10,154.3,13.5,6,10,2022-02-08T06:16:03,2022-02-08T17:59:15,0.25,"Rain, Partially cloudy",Partly cloudy throughout the day with rain.,rain,"48894099999,48900099999,VVTS"
thu dau mot,2022-02-09,35,24,29,36.3,24,30.5,20.4,61.5,0,0,0,,0,0,31.7,18.4,128.5,1010.3,49.4,10.2,247.7,21.5,8,10,2022-02-09T06:15:49,2022-02-09T17:59:32,0.29,Partially cloudy,Partly cloudy throughout the day.,partly-cloudy-day,"48894099999,48900099999,VVTS"
thu dau mot,2022-02-10,35,25,29.4,36.3,25,30.7,19.9,58.7,0.8,100,8.33,rain,0,0,24.5,20.5,112.8,1009.5,47.9,10.2,241,21,7,10,2022-02-10T06:15:35,2022-02-10T17:59:49,0.34,"Rain, Partially cloudy",Partly cloudy throughout the day with late afternoon rain.,rain,"48894099999,48900099999,VVTS"
thu dau mot,2022-02-11,33,25,28.7,36.1,25,30.5,21.2,65.5,1.1,100,12.5,rain,0,0,25.9,19.9,120.7,1008.9,48.5,10,248.4,21.8,8,10,2022-02-11T06:15:20,2022-02-11T18:00:06,0.38,"Rain, Partially cloudy",Partly cloudy throughout the day with rain.,rain,"48894099999,48900099999,VVTS"
thu dau mot,2022-02-12,35.7,25,29.4,35.7,25,30.5,19.9,59.7,0,0,0,,0,0,31.3,15.6,100.3,1008.1,40,9.9,245.1,21.5,8,10,2022-02-12T06:15:03,2022-02-12T18:00:22,0.42,Partially cloudy,Partly cloudy throughout the day.,partly-cloudy-day,"48894099999,48900099999,VVTS"
thu dau mot,2022-02-13,33,25,28.9,35.3,25,30.5,20.7,62.3,0,0,0,,0,0,27,18.4,120.9,1007.4,44.9,10,181.4,15.9,6,10,2022-02-13T06:14:46,2022-02-13T18:00:37,0.45,Partially cloudy,Partly cloudy throughout the day.,partly-cloudy-day,"48894099999,48900099999,VVTS"
thu dau mot,2022-02-14,34.9,25.9,29.2,37.7,25.9,31.2,21.7,66,0.3,100,8.33,rain,0,0,28.1,18.4,114.7,1007.8,51.8,9.9,211,18.7,8,10,2022-02-14T06:14:28,2022-02-14T18:00:52,0.48,"Rain, Partially cloudy",Partly cloudy throughout the day with rain.,rain,"48894099999,48900099999,VVTS"
thu dau mot,2022-02-15,34,25,28.9,35.9,25,30.3,21.3,66.1,0,0,0,,0,0,42.5,27.7,122.3,1008.6,49.7,9.8,174.3,15.4,8,10,2022-02-15T06:14:09,2022-02-15T18:01:06,0.49,Partially cloudy,Partly cloudy throughout the day.,partly-cloudy-day,"48894099999,48900099999,VVTS"
thu dau mot,2022-02-16,34,26,29.1,35.8,26,30.7,20.8,62.6,0,0,0,,0,0,33.1,20.7,136.9,1008,52.9,10.3,190.6,16.8,9,10,2022-02-16T06:13:49,2022-02-16T18:01:19,0.5,Partially cloudy,Partly cloudy throughout the day.,partly-cloudy-day,"48894099999,48900099999,VVTS"
thu dau mot,2022-02-17,33,25.9,28.6,36.1,25.9,30.5,21.9,68.6,0,0,0,,0,0,31,24.1,148.8,1007.9,40.5,10.3,237.7,20.6,9,10,2022-02-17T06:13:29,2022-02-17T18:01:32,0.51,Partially cloudy,Partly cloudy throughout the day.,partly-cloudy-day,"48894099999,48900099999,VVTS"
thu dau mot,2022-02-18,34,25.9,29,37.3,25.9,31,22,67.8,0,0,0,,0,0,34.6,18.4,146.6,1008.7,32.9,10.1,272.7,23.9,9,10,2022-02-18T06:13:07,2022-02-18T18:01:44,0.52,Partially cloudy,Partly cloudy throughout the day.,partly-cloudy-day,"48894099999,48900099999,VVTS"
thu dau mot,2022-02-19,32,25.9,28.7,35,25.9,30.9,22.2,69.3,0,0,0,,0,0,36.4,16,156.6,1010.2,52.2,10.3,251.7,22,8,10,2022-02-19T06:12:45,2022-02-19T18:01:55,0.54,Partially cloudy,Partly cloudy throughout the day.,partly-cloudy-day,"48894099999,48900099999,VVTS"
thu dau mot,2022-02-20,32,25.9,28.3,35.8,25.9,30.7,23,73.9,0.2,100,8.33,rain,0,0,30.2,19.1,143.3,1009.9,62.4,10.1,147.2,12.9,6,30,2022-02-20T06:12:22,2022-02-20T18:02:06,0.58,"Rain, Partially cloudy",Partly cloudy throughout the day with afternoon rain.,rain,"48894099999,48900099999,VVTS"
thu dau mot,2022-02-21,33.8,25,27.7,36.5,25,29.2,22.4,74.1,9.7,100,8.33,rain,0,0,27,14.8,159.2,1010.5,51.3,10,232.7,20.4,9,30,2022-02-21T06:11:58,2022-02-21T18:02:17,0.62,"Rain, Partially cloudy",Partly cloudy throughout the day with late afternoon rain.,rain,"48894099999,48900099999,VVTS"
thu dau mot,2022-02-22,32,25,26.6,34.9,25,27.7,23.3,82.9,7.1,100,29.17,rain,0,0,31.7,22.3,306.1,1011.8,62.1,8.7,212.1,18.7,9,30,2022-02-22T06:11:34,2022-02-22T18:02:27,0.67,"Rain, Partially cloudy",Partly cloudy throughout the day with rain.,rain,"48894099999,48900099999,VVTS"
thu dau mot,2022-02-23,33,24,27.6,35.3,24,29.3,22.3,75.2,0.9,100,4.17,rain,0,0,27.7,14.8,242.9,1012.3,61.9,9,276.6,23.9,9,10,2022-02-23T06:11:08,2022-02-23T18:02:36,0.73,"Rain, Partially cloudy",Partly cloudy throughout the day with late afternoon rain.,rain,"48894099999,48900099999,VVTS"
thu dau mot,2022-02-24,32,24,27.7,32.9,24,28.2,19.3,62.5,0.1,100,4.17,rain,0,0,30.2,13,34.8,1012.8,74.7,9.5,252.5,22.2,9,10,2022-02-24T06:10:42,2022-02-24T18:02:45,0.79,"Rain, Partially cloudy",Partly cloudy throughout the day with early morning rain.,rain,"48894099999,48900099999,VVTS"
thu dau mot,2022-02-25,33,23,27.6,33.5,23,28,17.2,54.3,0.3,100,12.5,rain,0,0,30.6,14.8,41.9,1012.7,52.2,10.3,197.2,17.2,8,10,2022-02-25T06:10:16,2022-02-25T18:02:53,0.84,"Rain, Partially cloudy",Partly cloudy throughout the day with rain.,rain,"48894099999,48900099999,VVTS"
thu dau mot,2022-02-26,35,23,28.7,35.6,23,29.4,18.5,56.5,0.1,100,4.17,rain,0,0,24.5,16.6,63.3,1012,36.9,10.3,295.8,25.8,9,10,2022-02-26T06:09:48,2022-02-26T18:03:01,0.89,"Rain, Partially cloudy",Partly cloudy throughout the day with late afternoon rain.,rain,"48894099999,48900099999,VVTS"
thu dau mot,2022-02-27,35,24,29,36.9,24,29.9,20,61.5,0,0,0,,0,0,31.7,14.8,110.5,1011.7,38,10.3,290.6,25.4,9,10,2022-02-27T06:09:20,2022-02-27T18:03:09,0.94,Partially cloudy,Partly cloudy throughout the day.,partly-cloudy-day,"48894099999,48900099999,VVTS"
thu dau mot,2022-02-28,35,24,29.3,35.7,24,30.5,20.1,60.6,0,0,0,,0,0,31,18.4,110.7,1011.1,42.6,10.3,297.8,25.9,9,10,2022-02-28T06:08:52,2022-02-28T18:03:15,0.97,Partially cloudy,Partly cloudy throughout the day.,partly-cloudy-day,"48894099999,48900099999,VVTS"
thu dau mot,2022-03-01,34,26,29.4,36.5,26,31,19.8,57.2,0,0,0,rain,0,0,29.5,14.3,130.8,1011.1,49.5,10.1,167.3,12.9,7,10,2022-03-01T06:08:22,2022-03-01T18:03:22,1,Partially cloudy,Partly cloudy throughout the day.,partly-cloudy-day,"48894099999,48900099999,VVTS"
thu dau mot,2022-03-02,34,26,28.6,36.5,26,30.7,20.9,63.9,1.6,100,12.5,rain,0,0,25.6,17.2,87,1010.6,63.3,9.4,160.8,11.5,6,10,2022-03-02T06:07:53,2022-03-02T18:03:28,1,"Rain, Partially cloudy",Partly cloudy throughout the day with rain.,rain,"48894099999,48900099999,VVTS"
thu dau mot,2022-03-03,34,26,29.4,36.5,26,30.7,20.6,61.8,0,0,0,,0,0,34.9,16.6,148,1010.3,55.3,9.5,268.5,19.3,9,10,2022-03-03T06:07:22,2022-03-03T18:03:33,0,Partially cloudy,Partly cloudy throughout the day.,partly-cloudy-day,"48894099999,48900099999,VVTS"
thu dau mot,2022-03-04,35,25.5,29.6,36.9,25.5,31.1,19.7,56.3,0,0,0,,0,0,36.4,22.3,111.7,1009.5,45.7,10.1,293.3,21.2,8,10,2022-03-04T06:06:52,2022-03-04T18:03:38,0.02,Partially cloudy,Partly cloudy throughout the day.,partly-cloudy-day,"48894099999,48900099999,VVTS"
thu dau mot,2022-03-05,34,26.9,29.4,36.6,28.8,31.9,21.5,64,2,100,12.5,rain,0,0,32,14.8,139.6,1009.2,46.1,9.9,243.9,17.6,7,10,2022-03-05T06:06:20,2022-03-05T18:03:43,0.04,"Rain, Partially cloudy",Partly cloudy throughout the day with rain.,rain,"48894099999,48900099999,VVTS"
thu dau mot,2022-03-06,36,24,29.8,38.1,24,31.5,20.7,61,0,0,0,,0,0,35.6,18.4,128.2,1009.1,44.3,10.1,280.3,20.2,9,10,2022-03-06T06:05:48,2022-03-06T18:03:47,0.08,Partially cloudy,Partly cloudy throughout the day.,partly-cloudy-day,"48894099999,48900099999,VVTS"
thu dau mot,2022-03-07,34.8,26,29.6,37.7,26,31.9,21.2,62.1,0.2,100,8.33,rain,0,0,39.6,21.5,123.7,1009.6,46.8,10.3,277.5,20.9,9,10,2022-03-07T06:05:16,2022-03-07T18:03:51,0.12,"Rain, Partially cloudy",Partly cloudy throughout the day with rain.,rain,"48894099999,48900099999,VVTS"
thu dau mot,2022-03-08,36,25,29.3,36.4,25,30.3,19.6,58.4,0,0,0,,0,0,29.5,16.6,128.5,1009.2,36.1,10.3,317.2,27.4,9,10,2022-03-08T06:04:43,2022-03-08T18:03:55,0.16,Partially cloudy,Partly cloudy throughout the day.,partly-cloudy-day,"48894099999,48900099999,VVTS"
thu dau mot,2022-03-09,34,25,28.6,36.5,25,30.3,21,64.5,0,0,0,,0,0,35.3,18.4,101.6,1008.9,43.7,9.7,305.6,26.4,9,10,2022-03-09T06:04:10,2022-03-09T18:03:58,0.21,Partially cloudy,Partly cloudy throughout the day.,partly-cloudy-day,"48894099999,48900099999,VVTS"
thu dau mot,2022-03-10,31,24.9,27.3,33.7,24.9,28.3,20.5,67.4,0,0,0,,0,0,29.9,16.6,172.6,1008.8,44.1,9.5,277,23.9,8,10,2022-03-10T06:03:37,2022-03-10T18:04:01,0.25,Partially cloudy,Partly cloudy throughout the day.,partly-cloudy-day,"48894099999,48900099999,VVTS"
thu dau mot,2022-03-11,34,25,28.7,35.2,25,29.8,20.5,63.5,0,0,0,,0,0,33.8,16.6,137.7,1007.6,44.8,9.5,312.6,27.1,9,10,2022-03-11T06:03:03,2022-03-11T18:04:04,0.3,Partially cloudy,Partly cloudy throughout the day.,partly-cloudy-day,"48894099999,48900099999,VVTS"
thu dau mot,2022-03-12,32,25,27.6,35.1,25,29.8,23,77.1,3,100,4.17,rain,0,0,20.2,24.1,140.6,1007.3,62,9,247.6,21.4,7,10,2022-03-12T06:02:29,2022-03-12T18:04:06,0.35,"Rain, Partially cloudy",Partly cloudy throughout the day with late afternoon rain.,rain,"48894099999,48900099999,VVTS"
thu dau mot,2022-03-13,35,25.9,29.8,38.6,25.9,32.3,22.3,66.5,0.6,100,8.33,rain,0,0,41.4,20.5,136.8,1007.3,45.1,9.7,186.6,16,7,10,2022-03-13T06:01:54,2022-03-13T18:04:08,0.39,"Rain, Partially cloudy",Partly cloudy throughout the day with afternoon rain.,rain,"48894099999,48900099999,VVTS"
thu dau mot,2022-03-14,34.8,26.9,29.6,38.6,29.5,33,22.7,67.9,0.4,100,12.5,rain,0,0,40.3,18.4,134.4,1007.9,49.3,10.3,196.1,16.9,7,30,2022-03-14T06:01:19,2022-03-14T18:04:10,0.43,"Rain, Partially cloudy",Partly cloudy throughout the day with rain.,rain,"48894099999,48900099999,VVTS"
thu dau mot,2022-03-15,35,27,29.7,38.6,29.6,33,22.6,67.6,0.2,100,8.33,rain,0,0,37.4,19.9,146.5,1007.3,47.5,10.3,233.4,20.2,8,30,2022-03-15T06:00:44,2022-03-15T18:04:12,0.46,"Rain, Partially cloudy",Partly cloudy throughout the day with afternoon rain.,rain,"48894099999,48900099999,VVTS"
thu dau mot,2022-03-16,33,26,29.1,36.1,26,31.6,21.9,66.4,0,0,0,,0,0,36,18.4,151.4,1007.5,45.9,10.3,239,20.7,8,10,2022-03-16T06:00:09,2022-03-16T18:04:13,0.48,Partially cloudy,Partly cloudy throughout the day.,partly-cloudy-day,"48894099999,48900099999,VVTS"
thu dau mot,2022-03-17,34,26,29.2,36.5,26,31.4,21.7,65.8,0,0,0,,0,0,26.3,16.6,150,1007.3,48.4,10.2,313.2,27.2,9,10,2022-03-17T05:59:33,2022-03-17T18:04:14,0.5,Partially cloudy,Partly cloudy throughout the day.,partly-cloudy-day,"48894099999,48900099999,VVTS"
thu dau mot,2022-03-18,34,26,29.5,37.3,26,32.8,23,69.5,0.4,100,8.33,rain,0,0,34.2,16.8,155.9,1007.3,54.9,10.1,303.5,26.1,9,10,2022-03-18T05:58:58,2022-03-18T18:04:15,0.5,"Rain, Partially cloudy",Partly cloudy throughout the day with late afternoon rain.,rain,"48894099999,48900099999,VVTS"
thu dau mot,2022-03-19,35,25.1,29.6,39.5,25.1,32.4,22.7,68.6,0.3,100,4.17,rain,0,0,39.6,22.3,134.8,1006.8,44.1,10,316.6,27.2,9,10,2022-03-19T05:58:22,2022-03-19T18:04:16,0.51,"Rain, Partially cloudy",Partly cloudy throughout the day with late afternoon rain.,rain,"48894099999,48900099999,VVTS"
thu dau mot,2022-03-20,34,26,29,38.3,26,32.6,23.7,74.3,1.8,100,12.5,rain,0,0,34.9,29.5,122.2,1007.9,55.2,9.8,203.2,17.5,7,30,2022-03-20T05:57:46,2022-03-20T18:04:17,0.53,"Rain, Partially cloudy",Partly cloudy throughout the day with rain.,rain,"48894099999,48900099999,VVTS"
thu dau mot,2022-03-21,34,27,29.4,37.3,30,32.9,23,70.3,0.4,100,8.33,rain,0,0,37.1,22.3,139,1009.4,63.5,10.2,189.5,16.3,6,10,2022-03-21T05:57:10,2022-03-21T18:04:18,0.56,"Rain, Partially cloudy",Partly cloudy throughout the day with rain in the morning and afternoon.,rain,"48894099999,48900099999,VVTS"
thu dau mot,2022-03-22,33,26.7,28.3,39.1,26.7,32.3,24.3,79.7,0.7,100,4.17,rain,0,0,40.7,19.5,128.3,1010,53.6,10.1,161.7,14,6,10,2022-03-22T05:56:33,2022-03-22T18:04:18,0.61,"Rain, Partially cloudy",Partly cloudy throughout the day with early morning rain.,rain,"48894099999,48900099999,VVTS"
thu dau mot,2022-03-23,35,25,29.3,39.5,25,32.6,23.5,73.1,0.3,100,8.33,rain,0,0,27.4,18.4,134.2,1009.6,48.7,10.2,278.5,24.1,10,30,2022-03-23T05:55:57,2022-03-23T18:04:19,0.66,"Rain, Partially cloudy",Partly cloudy throughout the day with late afternoon rain.,rain,"48894099999,48900099999,VVTS"
thu dau mot,2022-03-24,34.8,27,30,39.4,30.5,34.2,23.6,70.6,0.2,100,8.33,rain,0,0,31,20.5,144.4,1009.3,51.3,10.3,194.6,16.9,9,30,2022-03-24T05:55:20,2022-03-24T18:04:19,0.71,"Rain, Partially cloudy",Partly cloudy throughout the day with rain.,rain,"48894099999,48900099999,VVTS"
thu dau mot,2022-03-25,35,27,30.1,38.6,30.5,34.4,23.7,70.6,0,0,0,,0,0,27.7,24.1,148.7,1009.9,45.1,10.3,261,22.5,10,30,2022-03-25T05:54:44,2022-03-25T18:04:19,0.77,Partially cloudy,Partly cloudy throughout the day.,partly-cloudy-day,"48894099999,48900099999,VVTS"
thu dau mot,2022-03-26,36,26.9,30.6,38.6,30.5,34.4,22.9,66.4,0,0,0,,0,0,28.4,13,158.6,1010.4,57.1,10.3,285.4,24.6,10,30,2022-03-26T05:54:08,2022-03-26T18:04:20,0.83,Partially cloudy,Partly cloudy throughout the day.,partly-cloudy-day,"48894099999,48900099999,VVTS"
thu dau mot,2022-03-27,35,27.9,30.5,39.5,31.9,34.9,23.4,67.5,4,100,4.17,rain,0,0,28.8,16.6,171.4,1010,58.8,10.3,247.3,21.3,9,30,2022-03-27T05:53:31,2022-03-27T18:04:20,0.88,"Rain, Partially cloudy",Partly cloudy throughout the day with morning rain.,rain,"48894099999,48900099999,VVTS"
thu dau mot,2022-03-28,36,24,29.4,39.8,24,32.6,23.4,73.4,1.7,100,16.67,rain,0,0,29.2,22.3,131,1009.9,50.1,9.4,299.3,25.7,10,30,2022-03-28T05:52:55,2022-03-28T18:04:20,0.92,"Rain, Partially cloudy",Partly cloudy throughout the day with late afternoon rain.,rain,"48894099999,48900099999,VVTS"
thu dau mot,2022-03-29,35,25,28.1,38.3,25,30.8,24.2,81.3,1,100,4.17,rain,0,0,27,35,190.6,1009.3,68.7,8,221.5,19.1,9,30,2022-03-29T05:52:18,2022-03-29T18:04:20,0.96,"Rain, Partially cloudy",Partly cloudy throughout the day with early morning rain.,rain,"48894099999,48900099999,VVTS"
thu dau mot,2022-03-30,33.9,24,28.9,37.3,24,31.1,22.6,70.9,2.7,100,12.5,rain,0,0,31.7,19.1,319.4,1008.2,55.3,9.7,208.5,17.8,10,30,2022-03-30T05:51:42,2022-03-30T18:04:21,0.99,"Rain, Partially cloudy",Partly cloudy throughout the day with late afternoon rain.,rain,"48894099999,48900099999,VVTS"
thu dau mot,2022-03-31,33,25,28.1,37,25,30.9,23.7,78.5,6,100,4.17,rain,0,0,28.4,24.1,161.2,1008.1,60.8,8.3,219,19.1,10,30,2022-03-31T05:51:06,2022-03-31T18:04:21,1,"Rain, Partially cloudy",Partly cloudy throughout the day with late afternoon rain.,rain,"48894099999,48900099999,VVTS"
thu dau mot,2022-04-01,32,24,28,38.8,24,31.4,24.3,81.3,30,100,8.33,rain,0,0,33.5,22.3,129.2,1009.7,66.8,9.3,237.7,20.6,9,10,2022-04-01T05:50:30,2022-04-01T18:04:21,0,"Rain, Partially cloudy",Partly cloudy throughout the day with rain clearing later.,rain,"48894099999,48900099999,VVTS"
thu dau mot,2022-04-02,34,26,29.3,37.3,26,32.2,23.1,71.3,2.2,100,25,rain,0,0,35.3,23.5,124.4,1010.4,58.2,10.3,226,19.6,10,10,2022-04-02T05:49:54,2022-04-02T18:04:22,0.01,"Rain, Partially cloudy",Partly cloudy throughout the day with a chance of rain throughout the day.,rain,"48894099999,48900099999,VVTS"
thu dau mot,2022-04-03,35,24,28,36.3,24,29.2,21.9,73.2,1.5,100,12.5,rain,0,0,324,21.1,22.6,1010.4,60,10.1,280.2,24.2,10,10,2022-04-03T05:49:18,2022-04-03T18:04:22,0.03,"Rain, Partially cloudy",Partly cloudy throughout the day with rain.,rain,"48894099999,48900099999,VVTS"
thu dau mot,2022-04-04,33,24,27.4,35.3,24,28.3,21.6,72.7,2,100,4.17,rain,0,0,32.4,16.8,41.4,1011.9,65.3,9.8,259.8,22.3,10,10,2022-04-04T05:48:42,2022-04-04T18:04:23,0.05,"Rain, Partially cloudy",Partly cloudy throughout the day with late afternoon rain.,rain,"48894099999,48900099999,VVTS"
thu dau mot,2022-04-05,34,24,27.5,37.3,24,28.7,22.1,74.3,20,100,4.17,rain,0,0,20.5,22.3,18.9,1011.9,59.1,9.4,280.6,24.2,10,10,2022-04-05T05:48:07,2022-04-05T18:04:24,0.09,"Rain, Partially cloudy",Partly cloudy throughout the day with late afternoon rain.,rain,"48894099999,48900099999,VVTS"
thu dau mot,2022-04-06,34,25,28.7,37,25,31,23,73.9,9,100,4.17,rain,0,0,28.4,13,216.4,1010.8,53.5,9.2,292.1,25.3,10,30,2022-04-06T05:47:32,2022-04-06T18:04:25,0.12,"Rain, Partially cloudy",Partly cloudy throughout the day with early morning rain.,rain,"48894099999,48900099999,VVTS"
thu dau mot,2022-04-07,33,25,28.8,35.5,25,30.9,22.1,68.9,0.8,100,8.33,rain,0,0,25.6,14.8,77.1,1010,55,9.9,221.6,19.2,9,30,2022-04-07T05:46:57,2022-04-07T18:04:26,0.17,"Rain, Partially cloudy",Partly cloudy throughout the day with rain.,rain,"48894099999,48900099999,VVTS"
thu dau mot,2022-04-08,34,25,29.4,34.9,25,31.1,20.9,63.6,0.1,100,4.17,rain,0,0,25.6,16.6,286.1,1009.7,44.5,9.6,313,27,10,10,2022-04-08T05:46:23,2022-04-08T18:04:27,0.21,"Rain, Partially cloudy",Partly cloudy throughout the day with late afternoon rain.,rain,"48894099999,48900099999,VVTS"
thu dau mot,2022-04-09,34,25.9,29.2,35.8,25.9,31.5,22,67.5,1.6,100,12.5,rain,0,0,27.7,16.6,217.9,1009.1,52.3,9.7,271.9,23.5,10,10,2022-04-09T05:45:48,2022-04-09T18:04:28,0.26,"Rain, Partially cloudy",Partly cloudy throughout the day with late afternoon rain.,rain,"48894099999,48900099999,VVTS"
thu dau mot,2022-04-10,33,26.9,29.1,36.1,29.2,32,22.3,67.7,3.7,100,20.83,rain,0,0,29.2,16.6,152.5,1008.9,56.3,10.3,211.8,18.3,10,10,2022-04-10T05:45:14,2022-04-10T18:04:30,0.31,"Rain, Partially cloudy",Partly cloudy throughout the day with rain.,rain,"48894099999,48900099999,VVTS"
thu dau mot,2022-04-11,33,26,29,35.3,26,31.8,22.5,69.6,1.1,100,25,rain,0,0,27.4,16,151.4,1008.7,47.5,10.3,213.8,18.1,10,10,2022-04-11T05:44:41,2022-04-11T18:04:32,0.35,"Rain, Partially cloudy",Partly cloudy throughout the day with rain.,rain,"48894099999,48900099999,VVTS"
thu dau mot,2022-04-12,33,26,29.5,37.1,26,33.8,24,73.9,35,100,8.33,rain,0,0,24.1,18.4,166.5,1007.7,62,9.6,219.6,18.9,9,10,2022-04-12T05:44:07,2022-04-12T18:04:34,0.4,"Rain, Partially cloudy",Partly cloudy throughout the day with rain clearing later.,rain,"48894099999,48900099999,VVTS"
thu dau mot,2022-04-13,35,26.9,29.9,39.6,30.1,34,23.4,70,0.2,100,4.17,rain,0,0,27.4,33.5,204.8,1006.6,60.2,9.7,306.1,26.3,10,30,2022-04-13T05:43:34,2022-04-13T18:04:36,0.44,"Rain, Partially cloudy",Partly cloudy throughout the day with late afternoon rain.,rain,"48894099999,48900099999,VVTS"
thu dau mot,2022-04-14,35,27,29.9,39.5,31.1,35.4,24.9,76.8,1,100,8.33,rain,0,0,51.8,27.9,201.2,1006.6,61.6,10,297.4,25.8,10,30,2022-04-14T05:43:02,2022-04-14T18:04:38,0.47,"Rain, Partially cloudy",Partly cloudy throughout the day with late afternoon rain.,rain,"48894099999,48900099999,VVTS"
thu dau mot,2022-04-15,34,24.1,28.7,40.6,24.1,33.4,24.9,80.9,7,100,4.17,rain,0,0,26.3,20.3,160.9,1007.3,59.2,9.5,295.3,25.5,10,60,2022-04-15T05:42:30,2022-04-15T18:04:41,0.49,"Rain, Partially cloudy",Partly cloudy throughout the day with morning rain.,rain,"48894099999,48900099999,VVTS"
thu dau mot,2022-04-16,32,24,27.6,39.2,24,30.9,25.1,87.1,15,100,4.17,rain,0,0,25.2,16.6,171.3,1007.5,66.6,8.3,103.1,8.9,6,30,2022-04-16T05:41:58,2022-04-16T18:04:44,0.5,"Rain, Partially cloudy",Partly cloudy throughout the day with late afternoon rain.,rain,"48894099999,48900099999,VVTS"
thu dau mot,2022-04-17,33.8,25,29,38.9,25,32.2,23.6,74.6,0.3,100,8.33,rain,0,0,33.5,18.4,127.5,1008.1,57.4,9.3,242.3,20.9,10,10,2022-04-17T05:41:27,2022-04-17T18:04:48,0.51,"Rain, Partially cloudy",Partly cloudy throughout the day with afternoon rain.,rain,"48894099999,48900099999,VVTS"
thu dau mot,2022-04-18,33,27.9,30.1,37,30.8,33.5,22.2,63.8,0.1,100,4.17,rain,0,0,32.8,18.7,131,1008.9,54.6,10.3,232.2,20.1,10,30,2022-04-18T05:40:56,2022-04-18T18:04:51,0.52,"Rain, Partially cloudy",Partly cloudy throughout the day with afternoon rain.,rain,"48894099999,48900099999,VVTS"
thu dau mot,2022-04-19,34,26,29.9,38.3,26,33,22.2,64.4,1.5,100,25,rain,0,0,27.7,16.6,161.1,1009.8,54.1,10.1,238.2,20.5,10,10,2022-04-19T05:40:26,2022-04-19T18:04:55,0.55,"Rain, Partially cloudy",Partly cloudy throughout the day with a chance of rain throughout the day.,rain,"48894099999,48900099999,VVTS"
thu dau mot,2022-04-20,34.8,26,29.5,38.3,26,32.9,22.9,68.7,0.7,100,4.17,rain,0,0,26.6,18.4,107.6,1009.2,59,9.3,244.1,21.2,10,10,2022-04-20T05:39:56,2022-04-20T18:04:59,0.59,"Rain, Partially cloudy",Partly cloudy throughout the day with late afternoon rain.,rain,"48894099999,48900099999,VVTS"
thu dau mot,2022-04-21,34.8,26.9,30.3,38.6,29.5,33.8,22.4,63.7,0.4,100,8.33,rain,0,0,27.4,20.3,128.5,1008.7,46.3,9.9,195,16.9,9,10,2022-04-21T05:39:27,2022-04-21T18:05:04,0.64,"Rain, Partially cloudy",Partly cloudy throughout the day with afternoon rain.,rain,"48894099999,48900099999,VVTS"
thu dau mot,2022-04-22,34.9,27,30.4,38.3,29.6,33.9,22.4,63.8,0,0,0,,0,0,180,22.7,133,1009.2,40.8,10.3,284.5,24.4,10,10,2022-04-22T05:38:58,2022-04-22T18:05:08,0.7,Partially cloudy,Partly cloudy throughout the day.,partly-cloudy-day,"48894099999,48900099999,VVTS"
thu dau mot,2022-04-23,34.8,27,30,39.5,30.5,34.6,23.8,70.8,2.6,100,8.33,rain,0,0,216,21.9,133.7,1008.5,51.2,10.3,253,21.8,10,30,2022-04-23T05:38:30,2022-04-23T18:05:14,0.75,"Rain, Partially cloudy",Partly cloudy throughout the day with late afternoon rain.,rain,"48894099999,48900099999,VVTS"
thu dau mot,2022-04-24,34.8,27.9,30.4,40.6,32.5,35.8,24.5,71.9,0.5,100,12.5,rain,0,0,25.6,20.5,147.2,1007.5,52.6,10.3,216.9,18.8,10,30,2022-04-24T05:38:03,2022-04-24T18:05:19,0.81,"Rain, Partially cloudy",Partly cloudy throughout the day with rain.,rain,"48894099999,48900099999,VVTS"
thu dau mot,2022-04-25,34,28,30.4,39.4,32.7,36,24.5,71.9,0.1,100,4.17,rain,0,0,26.6,20.5,156,1007.2,51.1,10.3,222.9,19.1,9,30,2022-04-25T05:37:36,2022-04-25T18:05:25,0.86,"Rain, Partially cloudy",Partly cloudy throughout the day with afternoon rain.,rain,"48894099999,48900099999,VVTS"
thu dau mot,2022-04-26,35.1,26,30.7,40.8,26,36.4,24.7,71.5,1.9,100,16.67,rain,0,0,27,16.6,167,1007.3,56.2,10.2,224.1,19.2,9,30,2022-04-26T05:37:09,2022-04-26T18:05:31,0.91,"Rain, Partially cloudy",Partly cloudy throughout the day with rain.,rain,"48894099999,48900099999,VVTS"
thu dau mot,2022-04-27,36,27,31,42,30.6,37.1,24.8,71.8,17,100,4.17,rain,0,0,29.9,18,140.7,1006.9,62.2,9.7,311.1,26.7,10,60,2022-04-27T05:36:44,2022-04-27T18:05:38,0.95,"Rain, Partially cloudy",Partly cloudy throughout the day with early morning rain.,rain,"48894099999,48900099999,VVTS"
thu dau mot,2022-04-28,35,28.9,31.1,39.5,32.7,37.2,24.6,70.1,0.5,100,8.33,rain,0,0,31,16.6,154.1,1007,57.8,10.3,221.1,19,9,30,2022-04-28T05:36:19,2022-04-28T18:05:45,0.98,"Rain, Partially cloudy",Partly cloudy throughout the day with rain.,rain,"48894099999,48900099999,VVTS"
thu dau mot,2022-04-29,29,23,26.9,33.6,23,30.2,25,90,5,100,4.17,rain,0,0,22.3,14.8,235.3,1007.6,77,8.3,23.1,2.1,1,30,2022-04-29T05:35:54,2022-04-29T18:05:52,1,"Rain, Partially cloudy",Partly cloudy throughout the day with afternoon rain.,rain,"48894099999,48900099999,VVTS"
thu dau mot,2022-04-30,30.8,24,26.6,36.4,24,29.5,24.8,90.5,20,100,4.17,rain,0,0,29.2,14.8,78.9,1006.7,81.3,9,181,15.8,7,30,2022-04-30T05:35:30,2022-04-30T18:05:59,1,"Rain, Partially cloudy",Partly cloudy throughout the day with early morning rain.,rain,"48894099999,48900099999,VVTS"
thu dau mot,2022-05-01,31,26,27.5,38.8,26,30.8,25.5,89.5,7,100,8.33,rain,0,0,42.5,20.7,148.9,1006.4,68.5,9,243.2,21,8,30,2022-05-01T05:35:07,2022-05-01T18:06:07,0,"Rain, Partially cloudy",Partly cloudy throughout the day with rain.,rain,"48894099999,48900099999,VVTS"
thu dau mot,2022-05-02,32,25,27.8,39.1,25,31.1,24.7,84.1,4,100,8.33,rain,0,0,23.4,19.5,164,1007,53.3,9.7,192.1,16.5,9,30,2022-05-02T05:34:45,2022-05-02T18:06:16,0.01,"Rain, Partially cloudy",Partly cloudy throughout the day with rain.,rain,"48894099999,48900099999,VVTS"
thu dau mot,2022-05-03,34,25,28.3,39.2,25,31.3,24.3,80.8,16,100,50,rain,0,0,40.7,20.5,125.6,1008.6,65.2,9.6,201.4,17.4,9,30,2022-05-03T05:34:23,2022-05-03T18:06:24,0.03,"Rain, Partially cloudy",Partly cloudy throughout the day with a chance of rain throughout the day.,rain,"48894099999,48900099999,VVTS"
thu dau mot,2022-05-04,33,25,27.2,39.3,25,29.6,24.9,88.3,6,100,4.17,rain,0,0,23.4,16.6,333.2,1008.9,70.4,9.2,242.8,20.9,10,30,2022-05-04T05:34:02,2022-05-04T18:06:34,0.06,"Rain, Partially cloudy",Partly cloudy throughout the day with late afternoon rain.,rain,"48894099999,48900099999,VVTS"
thu dau mot,2022-05-05,31.8,24,27.8,38.9,24,31.2,24.5,83.3,3,100,4.17,rain,0,0,26.3,16.6,125.5,1007.4,67.2,9.1,162.4,14,9,30,2022-05-05T05:33:42,2022-05-05T18:06:43,0.09,"Rain, Partially cloudy",Partly cloudy throughout the day with early morning rain.,rain,"48894099999,48900099999,VVTS"
thu dau mot,2022-05-06,33.9,25,29.1,39.1,25,32.8,24.3,77.3,0,0,0,,0,0,30.6,22.3,123.4,1007.1,55.1,9.5,227,19.5,10,30,2022-05-06T05:33:23,2022-05-06T18:06:53,0.13,Partially cloudy,Partly cloudy throughout the day.,partly-cloudy-day,"48894099999,48900099999,VVTS"
thu dau mot,2022-05-07,34,27.9,30,38.3,31.9,34.1,23.2,67.9,0.1,100,4.17,rain,0,0,46.4,27.7,116.5,1007.3,47.3,10.3,245.5,21.2,10,10,2022-05-07T05:33:04,2022-05-07T18:07:03,0.18,"Rain, Partially cloudy",Partly cloudy throughout the day with afternoon rain.,rain,"48894099999,48900099999,VVTS"
thu dau mot,2022-05-08,32,27,29.2,39.1,30.1,33.6,23.7,72.6,1,100,4.17,rain,0,0,37.1,20.5,113.4,1007.6,63.8,10.3,205.5,17.8,9,10,2022-05-08T05:32:46,2022-05-08T18:07:14,0.22,"Rain, Partially cloudy",Partly cloudy throughout the day with afternoon rain.,rain,"48894099999,48900099999,VVTS"
thu dau mot,2022-05-09,35,27,30.2,40.6,30.6,35.1,24.1,71.3,1.7,100,12.5,rain,0,0,31,24.1,133.7,1007.9,57.3,10.3,229.5,19.7,10,30,2022-05-09T05:32:29,2022-05-09T18:07:25,0.27,"Rain, Partially cloudy",Partly cloudy throughout the day with rain.,rain,"48894099999,48900099999,VVTS"
thu dau mot,2022-05-10,34.8,27,29.9,39.6,30.6,35,24.3,73.2,3.3,100,16.67,rain,0,0,29.5,18.4,125.3,1007.9,54.6,10.1,222.5,19.2,10,30,2022-05-10T05:32:12,2022-05-10T18:07:36,0.32,"Rain, Partially cloudy",Partly cloudy throughout the day with rain.,rain,"48894099999,48900099999,VVTS"
thu dau mot,2022-05-11,34.8,27,30.1,39.7,31.2,36,24.9,75.3,1.6,100,12.5,rain,0,0,22.3,14.8,157.8,1007.8,57.9,10,246.8,21.4,10,30,2022-05-11T05:31:57,2022-05-11T18:07:48,0.37,"Rain, Partially cloudy",Partly cloudy throughout the day with rain.,rain,"48894099999,48900099999,VVTS"
thu dau mot,2022-05-12,33.8,26,29.4,39.4,26,34.4,24.8,77.4,2.6,100,25,rain,0,0,74.2,40.7,229,1007.7,74.4,9.2,220.8,19,9,30,2022-05-12T05:31:42,2022-05-12T18:08:00,0.41,"Rain, Partially cloudy",Partly cloudy throughout the day with a chance of rain throughout the day.,rain,"48894099999,48900099999,VVTS"
thu dau mot,2022-05-13,34.1,26.9,29.6,40.6,30.5,35.2,25.1,77.9,25,100,4.17,rain,0,0,20.2,14.8,218.2,1007.2,59.1,10.1,239.8,20.7,10,60,2022-05-13T05:31:28,2022-05-13T18:08:12,0.45,"Rain, Partially cloudy",Partly cloudy throughout the day with late afternoon rain.,rain,"48894099999,48900099999,VVTS"
thu dau mot,2022-05-14,35,27,30.7,41.9,31.2,37.4,25.4,74.4,1.1,100,12.5,rain,0,0,23.4,18.4,204.1,1007.9,57.9,10.3,219.6,19.1,9,60,2022-05-14T05:31:14,2022-05-14T18:08:25,0.48,"Rain, Partially cloudy",Partly cloudy throughout the day with rain.,rain,"48894099999,48900099999,VVTS"
thu dau mot,2022-05-15,36,28,30.5,44.7,34.5,37.6,25.8,77.4,1,100,4.17,rain,0,0,22.7,16,217,1008.4,57.6,10.1,169.7,14.6,8,60,2022-05-15T05:31:02,2022-05-15T18:08:38,0.5,"Rain, Partially cloudy",Partly cloudy throughout the day with late afternoon rain.,rain,"48894099999,48900099999,VVTS"
thu dau mot,2022-05-16,32,27,29,40.5,30.6,34.6,25.1,79.8,0.3,100,4.17,rain,0,0,16.2,14.8,214.3,1008.6,56.3,9.6,208.8,18,10,30,2022-05-16T05:30:50,2022-05-16T18:08:51,0.5,"Rain, Partially cloudy",Partly cloudy throughout the day with early morning rain.,rain,"48894099999,48900099999,VVTS"
thu dau mot,2022-05-17,33,25,28.6,38.1,25,32.7,24.6,80.1,4.9,100,33.33,rain,0,0,50,27.7,106.7,1008.8,66.3,9.8,225.4,19.3,10,30,2022-05-17T05:30:39,2022-05-17T18:09:05,0.52,"Rain, Partially cloudy",Partly cloudy throughout the day with rain.,rain,"48894099999,48900099999,VVTS"
thu dau mot,2022-05-18,30,26,27.4,36.2,26,31.4,25.4,88.9,60,100,8.33,rain,0,0,24.8,11.2,141,1009.6,74.8,9.2,190.5,16.7,9,30,2022-05-18T05:30:29,2022-05-18T18:09:19,0.54,"Rain, Partially cloudy",Partly cloudy throughout the day with rain.,rain,"48894099999,48900099999,VVTS"
thu dau mot,2022-05-19,33,25.6,27.5,39.3,25.6,30.4,25.3,89,3,100,4.17,rain,0,0,22.3,22.3,205.5,1010,63.8,9,227.5,19.7,9,30,2022-05-19T05:30:20,2022-05-19T18:09:33,0.58,"Rain, Partially cloudy",Partly cloudy throughout the day with late afternoon rain.,rain,"48894099999,48900099999,VVTS"
thu dau mot,2022-05-20,34,26,29.7,39.3,26,33.7,24.6,76.3,6.6,100,33.33,rain,0,0,16.6,29.5,263.9,1008.3,57.8,8.8,131.8,11.4,7,30,2022-05-20T05:30:12,2022-05-20T18:09:48,0.63,"Rain, Partially cloudy",Partly cloudy throughout the day with rain.,rain,"48894099999,48900099999,VVTS"
thu dau mot,2022-05-21,33,26,28.1,40.6,26,32.2,25,84.2,39,100,8.33,rain,0,0,51.8,29.5,247,1006.6,68.6,9.7,245,21.1,9,30,2022-05-21T05:30:04,2022-05-21T18:10:02,0.68,"Rain, Partially cloudy",Partly cloudy throughout the day with rain.,rain,"48894099999,48900099999,VVTS"
thu dau mot,2022-05-22,33,25.9,27.3,42.1,25.9,29.6,24.9,87.3,6,100,4.17,rain,0,0,45,29.5,241.2,1005.2,65.4,9.5,180,15.5,8,30,2022-05-22T05:29:57,2022-05-22T18:10:18,0.74,"Rain, Partially cloudy",Partly cloudy throughout the day with late afternoon rain.,rain,"48894099999,48900099999,VVTS"
thu dau mot,2022-05-23,31,25,27.7,37.7,25,30.5,23.8,79.9,6.3,100,29.17,rain,0,0,48.2,27.7,256.1,1005.8,63.6,10,164.3,14.3,8,30,2022-05-23T05:29:51,2022-05-23T18:10:33,0.79,"Rain, Partially cloudy",Partly cloudy throughout the day with a chance of rain throughout the day.,rain,"48894099999,48900099999,VVTS"
thu dau mot,2022-05-24,34,27,30.2,39.4,30.5,35.6,24.7,74,4.8,100,41.67,rain,0,0,31,22.3,256.6,1008.2,55.8,10.3,255.2,22.1,9,60,2022-05-24T05:29:46,2022-05-24T18:10:48,0.85,"Rain, Partially cloudy",Partly cloudy throughout the day with a chance of rain throughout the day.,rain,"48894099999,48900099999,VVTS"
thu dau mot,2022-05-25,34,27,30.2,40.6,31.1,36.2,25.2,76,0.5,100,12.5,rain,0,0,35.3,18.4,270.7,1008.2,53,10.1,238,20.6,9,60,2022-05-25T05:29:42,2022-05-25T18:11:04,0.89,"Rain, Partially cloudy",Partly cloudy throughout the day with rain.,rain,"48894099999,48900099999,VVTS"
thu dau mot,2022-05-26,33,23,28.7,40.6,23,33.4,24.9,81.4,6,100,4.17,rain,0,0,66.6,42.5,284.7,1006.7,69.9,9.3,143.4,12.2,8,60,2022-05-26T05:29:38,2022-05-26T18:11:20,0.93,"Rain, Partially cloudy",Partly cloudy throughout the day with late afternoon rain.,rain,"48894099999,48900099999,VVTS"
thu dau mot,2022-05-27,33.9,24,27.1,42.1,24,29.7,24.7,87.7,46,100,8.33,rain,0,0,59.4,37.1,264.1,1005.7,82.8,8.4,182.5,15.7,8,60,2022-05-27T05:29:35,2022-05-27T18:11:36,0.96,"Rain, Partially cloudy",Partly cloudy throughout the day with rain.,rain,"48894099999,48900099999,VVTS"
thu dau mot,2022-05-28,32,24,27.2,37.9,24,29.3,24.3,85.6,15,100,8.33,rain,0,0,38.2,27.7,263.2,1006.1,73.6,9,242,20.9,8,30,2022-05-28T05:29:33,2022-05-28T18:11:52,0.99,"Rain, Partially cloudy",Partly cloudy throughout the day with rain.,rain,"48894099999,48900099999,VVTS"
thu dau mot,2022-05-29,32,25,27.5,39.2,25,30.8,24.6,84.5,6,100,8.33,rain,0,0,34.2,22.3,253,1006.2,68.3,10.1,216.7,18.6,8,60,2022-05-29T05:29:32,2022-05-29T18:12:08,1,"Rain, Partially cloudy",Partly cloudy throughout the day with rain.,rain,"48894099999,48900099999,VVTS"
thu dau mot,2022-05-30,32,25,27.6,39.2,25,31.1,25.2,87.2,2.9,100,20.83,rain,0,0,34.2,24.1,226.4,1006,60,9.9,265.5,23,9,60,2022-05-30T05:29:32,2022-05-30T18:12:25,0,"Rain, Partially cloudy",Partly cloudy throughout the day with rain in the morning and afternoon.,rain,"48894099999,48900099999,VVTS"
thu dau mot,2022-05-31,34,26,29.7,40.6,26,34.9,25.2,78.2,0.2,100,8.33,rain,0,0,21.2,18.4,224.4,1005.6,50.9,9.8,185.1,16,9,60,2022-05-31T05:29:32,2022-05-31T18:12:41,0,"Rain, Partially cloudy",Partly cloudy throughout the day with rain in the morning and afternoon.,rain,"48894099999,48900099999,VVTS"
thu dau mot,2022-06-01,33,27.9,29.3,42.1,33.3,35.9,25.8,81.5,3.3,100,33.33,rain,0,0,22.3,14.8,204,1006.5,63.3,10.3,223.5,19.3,9,60,2022-06-01T05:29:33,2022-06-01T18:12:58,0.02,"Rain, Partially cloudy",Partly cloudy throughout the day with a chance of rain throughout the day.,rain,"48894099999,48900099999,VVTS"
thu dau mot,2022-06-02,31,24,27.3,40.3,24,31,25.1,88.4,14,100,4.17,rain,0,0,26.3,20.5,221.6,1007.7,64.8,8.6,196.3,16.9,9,60,2022-06-02T05:29:35,2022-06-02T18:13:15,0.04,"Rain, Partially cloudy",Partly cloudy throughout the day with late afternoon rain.,rain,"48894099999,48900099999,VVTS"
thu dau mot,2022-06-03,32.9,25,27.2,40.4,25,30.3,24.9,87.7,12,100,8.33,rain,0,0,21.2,22.3,226.2,1008.3,65.4,9.1,208.4,18.1,9,60,2022-06-03T05:29:37,2022-06-03T18:13:31,0.07,"Rain, Partially cloudy",Partly cloudy throughout the day with rain.,rain,"48894099999,48900099999,VVTS"
thu dau mot,2022-06-04,33,25.9,27.8,39.3,25.9,30.2,24.2,82,4.9,100,37.5,rain,0,0,16.9,29.9,256.2,1009.2,64.9,9.6,249.5,21.6,10,60,2022-06-04T05:29:41,2022-06-04T18:13:48,0.11,"Rain, Partially cloudy",Partly cloudy throughout the day with a chance of rain throughout the day.,rain,"48894099999,48900099999,VVTS"
thu dau mot,2022-06-05,33,24.9,28.8,40.6,24.9,32.4,23.7,75.1,0,0,0,rain,0,0,17.3,16.6,268.1,1007.9,55.5,10,245,21.1,10,60,2022-06-05T05:29:45,2022-06-05T18:14:05,0.14,Partially cloudy,Partly cloudy throughout the day.,partly-cloudy-day,"48894099999,48900099999,VVTS"
thu dau mot,2022-06-06,35,26,29.6,43.8,26,35.3,25.3,78.2,0.6,100,16.67,rain,0,0,25.6,19.1,263.8,1006.7,57.1,10.1,220.4,19,9,60,2022-06-06T05:29:49,2022-06-06T18:14:22,0.19,"Rain, Partially cloudy",Partly cloudy throughout the day with rain.,rain,"48894099999,48900099999,VVTS"
thu dau mot,2022-06-07,34,27,30.2,40.6,30.6,35.5,24.5,72.8,5.2,100,29.17,rain,0,0,24.8,14.8,278.9,1006.9,57.2,10.7,263.1,22.7,10,60,2022-06-07T05:29:54,2022-06-07T18:14:38,0.24,"Rain, Partially cloudy",Partly cloudy throughout the day with rain.,rain,"48894099999,48900099999,VVTS"
thu dau mot,2022-06-08,35,26.9,30.7,40.6,30,35.6,23.8,68.1,14,100,4.17,rain,0,0,27.7,13,302.8,1007.4,39.4,10.3,294.9,25.5,9,60,2022-06-08T05:30:00,2022-06-08T18:14:55,0.29,"Rain, Partially cloudy",Partly cloudy throughout the day with late afternoon rain.,rain,"48894099999,48900099999,VVTS"
thu dau mot,2022-06-09,36,24.4,31.1,41.9,24.4,36,23.8,67.7,6.8,100,12.5,rain,0,0,46.4,16,311.6,1006.8,49,10.1,303.9,26.3,10,60,2022-06-09T05:30:07,2022-06-09T18:15:11,0.35,"Rain, Partially cloudy",Becoming cloudy in the afternoon with late afternoon rain.,rain,"48894099999,48900099999,VVTS"
thu dau mot,2022-06-10,34,25.8,29.4,43.8,25.8,33.3,24.4,76.8,64,100,4.17,rain,0,0,28.1,13,270.1,1007.7,64.6,9.1,276.4,24,9,60,2022-06-10T05:30:14,2022-06-10T18:15:27,0.39,"Rain, Partially cloudy",Partly cloudy throughout the day with early morning rain.,rain,"48894099999,48900099999,VVTS"
thu dau mot,2022-06-11,35,26.9,30.4,41.9,29.9,35.8,24.4,71.9,2.3,100,20.83,rain,0,0,14.4,14.8,292.4,1007.7,51.4,9.8,267.5,23.2,9,75,2022-06-11T05:30:22,2022-06-11T18:15:44,0.44,"Rain, Partially cloudy",Partly cloudy throughout the day with rain.,rain,"48894099999,48900099999,VVTS"
thu dau mot,2022-06-12,34,25,27.4,40.6,25,29.8,23.9,82.1,13,100,4.17,rain,0,0,42.5,20.7,159.6,1008.6,62.6,9.2,235.1,20.3,9,75,2022-06-12T05:30:30,2022-06-12T18:15:59,0.47,"Rain, Partially cloudy",Partly cloudy throughout the day with late afternoon rain.,rain,"48894099999,48900099999,VVTS"
thu dau mot,2022-06-13,33,25,28.6,42.3,25,33.3,25,81.8,11,100,4.17,rain,0,0,26.3,16.6,202.5,1008.2,50.6,8.9,288.6,24.9,10,60,2022-06-13T05:30:39,2022-06-13T18:16:15,0.49,"Rain, Partially cloudy",Partly cloudy throughout the day with late afternoon rain.,rain,"48894099999,48900099999,VVTS"
thu dau mot,2022-06-14,34,26,30.1,40.5,26,35.1,24.4,72.8,1.3,100,16.67,rain,0,0,25.9,16.6,198.6,1008.2,54.5,10.3,240.4,20.7,8,60,2022-06-14T05:30:49,2022-06-14T18:16:31,0.5,"Rain, Partially cloudy",Partly cloudy throughout the day with rain.,rain,"48894099999,48900099999,VVTS"
thu dau mot,2022-06-15,33,27,29.2,40.6,30.1,34.3,24.6,77,3.9,100,29.17,rain,0,0,19.8,16.6,210,1009,53.6,10.3,208.6,18,9,60,2022-06-15T05:30:59,2022-06-15T18:16:46,0.51,"Rain, Partially cloudy",Partly cloudy throughout the day with rain.,rain,"48894099999,48900099999,VVTS"
thu dau mot,2022-06-16,34,26,29.9,42.1,26,34.8,24.5,74,2.1,100,16.67,rain,0,0,23.8,14.8,186.8,1009.4,54.3,9.3,295.1,25.5,10,60,2022-06-16T05:31:09,2022-06-16T18:17:01,0.53,"Rain, Partially cloudy",Partly cloudy throughout the day with rain.,rain,"48894099999,48900099999,VVTS"
thu dau mot,2022-06-17,33,27,29.4,42.1,30.1,35.2,25.2,78.7,1.2,100,16.67,rain,0,0,24.8,14.8,196.4,1009,63.1,9.1,239.3,20.8,9,60,2022-06-17T05:31:20,2022-06-17T18:17:16,0.57,"Rain, Partially cloudy",Partly cloudy throughout the day with rain.,rain,"48894099999,48900099999,VVTS"
thu dau mot,2022-06-18,34,26.5,28.9,41.7,26.5,33.7,24.4,77.4,4,100,4.17,rain,0,0,50,25.9,224.1,1008.7,66.6,9.2,258.4,22.2,9,75,2022-06-18T05:31:32,2022-06-18T18:17:30,0.62,"Rain, Partially cloudy",Partly cloudy throughout the day with late afternoon rain.,rain,"48894099999,48900099999,VVTS"
thu dau mot,2022-06-19,34,25,27.8,42.1,25,30.6,24.3,82.3,0.2,100,4.17,rain,0,0,44.6,22.3,248,1008.1,63.5,9.2,236.1,20.3,8,75,2022-06-19T05:31:44,2022-06-19T18:17:44,0.67,"Rain, Partially cloudy",Partly cloudy throughout the day with morning rain.,rain,"48894099999,48900099999,VVTS"
thu dau mot,2022-06-20,34,25,28,42.3,25,31.2,24.3,82,12,100,4.17,rain,0,0,27,11.2,201.9,1006.3,62,9.4,295.8,25.7,10,75,2022-06-20T05:31:56,2022-06-20T18:17:58,0.72,"Rain, Partially cloudy",Partly cloudy throughout the day with late afternoon rain.,rain,"48894099999,48900099999,VVTS"
thu dau mot,2022-06-21,34,24.8,28.2,40.2,24.8,31.6,24.2,80,62,100,4.17,rain,0,0,24.1,14.9,226.5,1006.2,54.4,9.5,211,18.2,9,60,2022-06-21T05:32:09,2022-06-21T18:18:11,0.77,"Rain, Partially cloudy",Partly cloudy throughout the day with late afternoon rain.,rain,"48894099999,48900099999,VVTS"
thu dau mot,2022-06-22,33,24,27.2,40.6,24,29.5,24.5,85.9,34,100,8.33,rain,0,0,55.4,27.7,195.7,1008.4,70.4,9,220.4,19,9,60,2022-06-22T05:32:22,2022-06-22T18:18:24,0.82,"Rain, Partially cloudy",Partly cloudy throughout the day with rain.,rain,"48894099999,48900099999,VVTS"
thu dau mot,2022-06-23,33,25,27.2,40.6,25,29.9,24.9,88,76,100,4.17,rain,0,0,17.6,18.4,238.7,1008.8,67.6,8.1,222.9,19.3,7,60,2022-06-23T05:32:35,2022-06-23T18:18:36,0.87,"Rain, Partially cloudy",Partly cloudy throughout the day with late afternoon rain.,rain,"48894099999,48900099999,VVTS"
thu dau mot,2022-06-24,32,24,27,40.6,24,29.7,24.9,88.9,4.5,100,8.33,rain,0,0,17.6,31.7,268.2,1007.7,57.7,8.4,243.7,20.9,9,30,2022-06-24T05:32:49,2022-06-24T18:18:48,0.91,"Rain, Partially cloudy",Partly cloudy throughout the day with rain.,rain,"48894099999,48900099999,VVTS"
thu dau mot,2022-06-25,33,25.9,28.8,42.1,25.9,33,25,81.3,8,100,20.83,rain,0,0,23,18.4,179.2,1006.9,55.4,10,197.6,17.1,8,60,2022-06-25T05:33:03,2022-06-25T18:18:59,0.95,"Rain, Partially cloudy",Partly cloudy throughout the day with rain.,rain,"48894099999,48900099999,VVTS"
thu dau mot,2022-06-26,34,26.9,29.5,42.1,29.6,34.5,24.5,75.6,1,100,4.17,rain,0,0,22.7,19.9,196.1,1007.9,55.9,10.3,217.3,18.7,8,60,2022-06-26T05:33:17,2022-06-26T18:19:10,0.97,"Rain, Partially cloudy",Partly cloudy throughout the day with early morning rain.,rain,"48894099999,48900099999,VVTS"
thu dau mot,2022-06-27,33.9,26,29.1,42.3,26,34.8,25.4,80.6,1.8,100,29.17,rain,0,0,20.5,13,242.7,1008.1,63.2,9.6,207.5,18,9,75,2022-06-27T05:33:32,2022-06-27T18:19:21,0.99,"Rain, Partially cloudy",Partly cloudy throughout the day with a chance of rain throughout the day.,rain,"48894099999,48900099999,VVTS"
thu dau mot,2022-06-28,32.9,23.1,28.2,40.6,23.1,32.5,24.7,82.5,16,100,8.33,rain,0,0,34.9,24.1,279.3,1006.8,60.5,9.5,200.3,17.4,9,60,2022-06-28T05:33:46,2022-06-28T18:19:30,1,"Rain, Partially cloudy",Partly cloudy throughout the day with rain in the morning and afternoon.,rain,"48894099999,48900099999,VVTS"
thu dau mot,2022-06-29,34,26.9,29.7,43.5,29.2,35.5,25,77.3,6,100,45.83,rain,0,0,28.4,29.5,267.9,1004.2,47.7,10.1,250.3,21.5,9,75,2022-06-29T05:34:01,2022-06-29T18:19:40,0,"Rain, Partially cloudy",Partly cloudy throughout the day with a chance of rain throughout the day.,rain,"48894099999,48900099999,VVTS"
thu dau mot,2022-06-30,33,26,28.4,43.7,26,33.5,25.1,82.9,14,100,8.33,rain,0,0,46.1,22.3,256.7,1003.8,70,9.7,263.2,22.7,9,60,2022-06-30T05:34:16,2022-06-30T18:19:48,0.01,"Rain, Partially cloudy",Partly cloudy throughout the day with rain.,rain,"48894099999,48900099999,VVTS"
thu dau mot,2022-07-01,31,25,27.6,39.1,25,31.3,25,85.8,5,100,4.17,rain,0,0,41.4,21.6,249.7,1004.4,81.2,10.1,166.5,14.3,7,60,2022-07-01T05:34:32,2022-07-01T18:19:56,0.03,"Rain, Partially cloudy",Partly cloudy throughout the day with late afternoon rain.,rain,"48894099999,48900099999,VVTS"
thu dau mot,2022-07-02,30,26.9,28,38.8,30,32.6,25,84,14,100,12.5,rain,0,0,38.9,22.3,239.3,1005.2,68.9,10,228.7,19.9,8,30,2022-07-02T05:34:47,2022-07-02T18:20:04,0.05,"Rain, Partially cloudy",Partly cloudy throughout the day with rain.,rain,"48894099999,48900099999,VVTS"
thu dau mot,2022-07-03,30,25,27.4,38.8,25,31.6,25,86.9,3,100,4.17,rain,0,0,23.4,18.4,238.6,1006.4,71.6,10.2,233.1,20,8,60,2022-07-03T05:35:03,2022-07-03T18:20:10,0.08,"Rain, Partially cloudy",Partly cloudy throughout the day with afternoon rain.,rain,"48894099999,48900099999,VVTS"
thu dau mot,2022-07-04,32.9,26,28.6,41.8,26,33.5,25.3,83.2,11.7,100,41.67,rain,0,0,24.8,20.5,247.1,1006.3,56,10.3,264.3,22.8,9,60,2022-07-04T05:35:18,2022-07-04T18:20:16,0.12,"Rain, Partially cloudy",Partly cloudy throughout the day with a chance of rain throughout the day.,rain,"48894099999,48900099999,VVTS"
thu dau mot,2022-07-05,32,26.9,28.9,44.1,30.2,34.7,25.4,81.9,0.9,100,4.17,rain,0,0,29.5,22.3,240.2,1006.6,56.6,10.3,263.5,22.8,9,60,2022-07-05T05:35:34,2022-07-05T18:20:22,0.17,"Rain, Partially cloudy",Partly cloudy throughout the day with afternoon rain.,rain,"48894099999,48900099999,VVTS"
thu dau mot,2022-07-06,34,27,29.1,42.1,30.1,35.1,25.6,81.9,5,100,4.17,rain,0,0,36,20.5,231.2,1007.1,62.9,10.1,282.3,24.3,8,75,2022-07-06T05:35:50,2022-07-06T18:20:26,0.22,"Rain, Partially cloudy",Partly cloudy throughout the day with morning rain.,rain,"48894099999,48900099999,VVTS"
thu dau mot,2022-07-07,33,26,29.2,43.5,26,35.2,25.8,82.7,2.3,100,20.83,rain,0,0,35.3,20.5,253.7,1007,66.7,10,164.9,14.1,6,60,2022-07-07T05:36:05,2022-07-07T18:20:30,0.27,"Rain, Partially cloudy",Partly cloudy throughout the day with rain.,rain,"48894099999,48900099999,VVTS"
thu dau mot,2022-07-08,31.8,25,27.6,41.7,25,31.8,25.3,87.4,0.6,100,8.33,rain,0,0,38.9,29.5,269.1,1007,69,9.1,197.9,17.1,8,30,2022-07-08T05:36:21,2022-07-08T18:20:34,0.33,"Rain, Partially cloudy",Partly cloudy throughout the day with rain in the morning and afternoon.,rain,"48894099999,48900099999,VVTS"
thu dau mot,2022-07-09,32,25,27.4,39.2,25,30.3,25.1,88.1,34,100,8.33,rain,0,0,57.6,31.7,282,1005.7,73.3,8.1,61.4,5.4,3,30,2022-07-09T05:36:36,2022-07-09T18:20:36,0.38,"Rain, Partially cloudy",Partly cloudy throughout the day with rain.,rain,"48894099999,48900099999,VVTS"
thu dau mot,2022-07-10,31,23.9,26.5,38.7,23.9,28.6,24,86.8,9.4,100,8.33,rain,0,0,54.4,29.5,275.8,1006,76,9,88.8,7.6,5,10,2022-07-10T05:36:52,2022-07-10T18:20:38,0.42,"Rain, Partially cloudy",Partly cloudy throughout the day with rain.,rain,"48894099999,48900099999,VVTS"
thu dau mot,2022-07-11,31,25,26.9,39.1,25,29.3,24.3,86.2,0.5,100,8.33,rain,0,0,45.7,24.1,271.7,1005.9,68.7,10,87.6,7.6,7,30,2022-07-11T05:37:07,2022-07-11T18:20:39,0.46,"Rain, Partially cloudy",Partly cloudy throughout the day with rain.,rain,"48894099999,48900099999,VVTS"
thu dau mot,2022-07-12,29.1,25,26.5,35.6,25,28.2,25.1,92.1,2.1,100,8.33,rain,0,0,52.9,19.5,261.4,1005,77.3,8.9,108.5,9.3,8,30,2022-07-12T05:37:23,2022-07-12T18:20:39,0.49,"Rain, Partially cloudy",Partly cloudy throughout the day with rain.,rain,"48894099999,48900099999,VVTS"
thu dau mot,2022-07-13,31,25,27.1,39.1,25,29.9,24.7,87.1,2,100,4.17,rain,0,0,48.2,29.5,267.6,1004.1,68.5,9.8,107.7,9.4,4,10,2022-07-13T05:37:38,2022-07-13T18:20:38,0.5,"Rain, Partially cloudy",Partly cloudy throughout the day with morning rain.,rain,"48894099999,48900099999,VVTS"
thu dau mot,2022-07-14,31,25,27.6,37.7,25,30.6,24.6,84.6,2,100,4.17,rain,0,0,42.5,25.9,258.8,1004.8,65.1,9.6,208,17.9,8,60,2022-07-14T05:37:53,2022-07-14T18:20:37,0.51,"Rain, Partially cloudy",Partly cloudy throughout the day with early morning rain.,rain,"48894099999,48900099999,VVTS"
thu dau mot,2022-07-15,31.8,25,27.4,43.5,25,31.1,25.2,87.9,1,100,4.17,rain,0,0,28.4,27.7,257.6,1006.2,63.7,9.9,256.6,22.2,8,60,2022-07-15T05:38:08,2022-07-15T18:20:34,0.53,"Rain, Partially cloudy",Partly cloudy throughout the day with afternoon rain.,rain,"48894099999,48900099999,VVTS"
thu dau mot,2022-07-16,32.9,26,28.2,42.3,26,32.7,25.4,85.4,1,100,4.17,rain,0,0,22.7,20.5,234.9,1007.1,61.2,9.6,280.4,24.3,9,60,2022-07-16T05:38:23,2022-07-16T18:20:31,0.55,"Rain, Partially cloudy",Partly cloudy throughout the day with late afternoon rain.,rain,"48894099999,48900099999,VVTS"
thu dau mot,2022-07-17,33,26,28.3,42.1,26,32.8,25.2,84.2,11.5,100,33.33,rain,0,0,32.4,25.8,236.2,1008.5,63,10.1,294.9,25.2,10,60,2022-07-17T05:38:37,2022-07-17T18:20:27,0.6,"Rain, Partially cloudy",Partly cloudy throughout the day with rain.,rain,"48894099999,48900099999,VVTS"
thu dau mot,2022-07-18,33,25.9,28.8,43.8,25.9,33.2,25.2,81.9,0.3,100,4.17,rain,0,0,26.6,18.4,259.7,1007,63.4,10.1,233,20.1,9,75,2022-07-18T05:38:52,2022-07-18T18:20:23,0.65,"Rain, Partially cloudy",Partly cloudy throughout the day with late afternoon rain.,rain,"48894099999,48900099999,VVTS"
thu dau mot,2022-07-19,32,25,27.6,40.6,25,30.7,24.9,86.3,40.2,100,8.33,rain,0,0,34.2,21.5,262.2,1006,63.8,9.9,277.1,24,9,60,2022-07-19T05:39:06,2022-07-19T18:20:17,0.7,"Rain, Partially cloudy",Partly cloudy throughout the day with rain.,rain,"48894099999,48900099999,VVTS"
thu dau mot,2022-07-20,29.7,25,25.7,37.8,25,26.6,24.5,93.2,50,100,12.5,rain,0,0,28.4,22.3,195.3,1006.9,71.9,8.7,151.5,13,8,30,2022-07-20T05:39:19,2022-07-20T18:20:11,0.75,"Rain, Partially cloudy",Partly cloudy throughout the day with rain.,rain,"48894099999,48900099999,VVTS"
thu dau mot,2022-07-21,29,24.9,25.7,36.5,24.9,26.6,24.9,95.4,9,100,4.17,rain,0,0,19.1,16.6,161.2,1009.5,73.2,7.9,112.7,9.8,7,30,2022-07-21T05:39:33,2022-07-21T18:20:03,0.8,"Rain, Partially cloudy",Partly cloudy throughout the day with afternoon rain.,rain,"48894099999,48900099999,VVTS"
thu dau mot,2022-07-22,35,24,28.5,43.8,24,32,24.1,79.9,0.4,100,4.17,rain,0,0,31,16.6,89.6,1009.9,45.1,8.4,296.3,25.7,9,30,2022-07-22T05:39:46,2022-07-22T18:19:55,0.85,"Rain, Partially cloudy",Partly cloudy throughout the day with late afternoon rain.,rain,"48894099999,48900099999,VVTS"
thu dau mot,2022-07-23,33,25,27.8,40.6,25,30.6,24.6,83.5,7.1,100,37.5,rain,0,0,18.7,21.6,113.7,1008.7,60.4,9.8,276.6,23.9,9,60,2022-07-23T05:39:59,2022-07-23T18:19:46,0.89,"Rain, Partially cloudy",Partly cloudy throughout the day with a chance of rain throughout the day.,rain,"48894099999,48900099999,VVTS"
thu dau mot,2022-07-24,34,25,28.9,42.1,25,32.9,24.9,80.6,0.7,100,16.67,rain,0,0,24.8,18.4,141.6,1007.4,62.5,9.1,294.5,25.5,10,60,2022-07-24T05:40:12,2022-07-24T18:19:36,0.93,"Rain, Partially cloudy",Partly cloudy throughout the day with rain.,rain,"48894099999,48900099999,VVTS"
thu dau mot,2022-07-25,35,26,29.6,43.3,26,35.4,25.2,77.9,2.6,100,25,rain,0,0,31.3,20.5,126.9,1007.4,60.3,10.2,302.7,26.2,10,60,2022-07-25T05:40:24,2022-07-25T18:19:26,0.96,"Rain, Partially cloudy",Partly cloudy throughout the day with a chance of rain throughout the day.,rain,"48894099999,48900099999,VVTS"
thu dau mot,2022-07-26,32,25,28.6,40.6,25,33.4,25.3,83.2,8.5,100,20.83,rain,0,0,25.6,19.5,106.2,1007.8,55.3,9.6,264.5,22.8,9,30,2022-07-26T05:40:36,2022-07-26T18:19:14,0.98,"Rain, Partially cloudy",Partly cloudy throughout the day with rain.,rain,"48894099999,48900099999,VVTS"
thu dau mot,2022-07-27,32,25,28.2,42.3,25,32,24.7,82.1,1,100,4.17,rain,0,0,22,14.8,176.2,1007.5,50.4,9.2,284.4,24.5,9,60,2022-07-27T05:40:48,2022-07-27T18:19:02,1,"Rain, Partially cloudy",Partly cloudy throughout the day with morning rain.,rain,"48894099999,48900099999,VVTS"
thu dau mot,2022-07-28,33,25,28.1,42.3,25,31.7,24.9,83.6,1,100,4.17,rain,0,0,44.6,16.9,273,1007.6,53,9,299.2,25.7,9,60,2022-07-28T05:40:59,2022-07-28T18:18:49,1,"Rain, Partially cloudy",Partly cloudy throughout the day with late afternoon rain.,rain,"48894099999,48900099999,VVTS"
thu dau mot,2022-07-29,35,25,29.3,43.3,25,34.1,24.9,78.5,1.3,100,12.5,rain,0,0,24.1,16.9,254.4,1006.9,55.5,9,248.5,21.4,10,30,2022-07-29T05:41:10,2022-07-29T18:18:35,0,"Rain, Partially cloudy",Partly cloudy throughout the day with late afternoon rain.,rain,"48894099999,48900099999,VVTS"
thu dau mot,2022-07-30,34,26.9,29.5,43.8,30.6,35.6,25.4,79.7,2.5,100,29.17,rain,0,0,50,27.7,251.2,1006.4,64.9,9.8,213.8,18.4,8,60,2022-07-30T05:41:21,2022-07-30T18:18:20,0.01,"Rain, Partially cloudy",Partly cloudy throughout the day with a chance of rain throughout the day.,rain,"48894099999,48900099999,VVTS"
thu dau mot,2022-07-31,34,26,29.4,44.6,26,35.3,25.6,81.4,5.1,100,37.5,rain,0,0,25.6,27.7,258.2,1005.4,65.4,10.3,209,18,9,60,2022-07-31T05:41:31,2022-07-31T18:18:04,0.04,"Rain, Partially cloudy",Partly cloudy throughout the day with a chance of rain throughout the day.,rain,"48894099999,48900099999,VVTS"
thu dau mot,2022-08-01,32.9,25,27.4,43.4,25,31.5,25.4,88.9,10,100,8.33,rain,0,0,24.1,24.1,247.8,1006.4,59.4,9.6,116.5,10.1,8,60,2022-08-01T05:41:41,2022-08-01T18:17:47,0.07,"Rain, Partially cloudy",Partly cloudy throughout the day with rain.,rain,"48894099999,48900099999,VVTS"
thu dau mot,2022-08-02,32.1,26,28.2,40.6,26,32.8,25.4,85.1,28.1,100,8.33,rain,0,0,13.3,22.4,249.6,1007.3,53.5,9.4,155.4,13.3,8,60,2022-08-02T05:41:50,2022-08-02T18:17:30,0.1,"Rain, Partially cloudy",Partly cloudy throughout the day with rain.,rain,"48894099999,48900099999,VVTS"
thu dau mot,2022-08-03,33,26,28.4,42.3,26,33,25.4,84.4,41,100,8.33,rain,0,0,31,22.3,272.7,1008.4,61.9,9.6,243.3,20.8,8,60,2022-08-03T05:41:59,2022-08-03T18:17:12,0.14,"Rain, Partially cloudy",Partly cloudy throughout the day with rain.,rain,"48894099999,48900099999,VVTS"
thu dau mot,2022-08-04,31,25,27.3,40.6,25,30.8,25.3,89.5,2,100,4.17,rain,0,0,24.5,13,285.8,1008.1,63.8,9,208.8,18.1,7,30,2022-08-04T05:42:08,2022-08-04T18:16:53,0.2,"Rain, Partially cloudy",Partly cloudy throughout the day with early morning rain.,rain,"48894099999,48900099999,VVTS"
thu dau mot,2022-08-05,32,25,27.9,42.4,25,32.4,25.3,86.5,29,100,4.17,rain,0,0,27.7,18.4,295.5,1007.6,62,9.5,251.1,21.6,8,30,2022-08-05T05:42:16,2022-08-05T18:16:33,0.25,"Rain, Partially cloudy",Partly cloudy throughout the day with early morning rain.,rain,"48894099999,48900099999,VVTS"
thu dau mot,2022-08-06,30,24,27,37.4,24,30,24.7,87.5,9,100,4.17,rain,0,0,28.1,22.3,263.5,1007.1,67,9,190.9,16.4,7,30,2022-08-06T05:42:24,2022-08-06T18:16:12,0.31,"Rain, Partially cloudy",Partly cloudy throughout the day with afternoon rain.,rain,"48894099999,48900099999,VVTS"
thu dau mot,2022-08-07,30,25,27.1,38.8,25,29.7,24.6,86.4,3.8,100,8.33,rain,0,0,37.8,22.3,267.6,1006.6,73.2,10,178.1,15.4,7,10,2022-08-07T05:42:31,2022-08-07T18:15:51,0.36,"Rain, Partially cloudy",Partly cloudy throughout the day with rain in the morning and afternoon.,rain,"48894099999,48900099999,VVTS"
thu dau mot,2022-08-08,30,24,26.6,38.8,24,28.4,23.9,85.6,15,100,4.17,rain,0,0,70.6,40.7,264.5,1006.7,79.6,9.9,56.1,4.9,3,10,2022-08-08T05:42:38,2022-08-08T18:15:29,0.41,"Rain, Partially cloudy",Partly cloudy throughout the day with late afternoon rain.,rain,"48894099999,48900099999,VVTS"
thu dau mot,2022-08-09,32,25,27.5,37.9,25,29.8,23.8,81.1,2,100,4.17,rain,0,0,49,27.7,268.5,1006.1,67.5,10,73.1,6.5,4,10,2022-08-09T05:42:45,2022-08-09T18:15:06,0.45,"Rain, Partially cloudy",Partly cloudy throughout the day with late afternoon rain.,rain,"48894099999,48900099999,VVTS"
thu dau mot,2022-08-10,32,26,28.4,39.1,26,32.1,24.4,79.5,2,100,4.17,rain,0,0,38.2,33.5,254.4,1005.9,60.4,10.1,265.7,23,9,30,2022-08-10T05:42:51,2022-08-10T18:14:42,0.48,"Rain, Partially cloudy",Partly cloudy throughout the day with early morning rain.,rain,"48894099999,48900099999,VVTS"
thu dau mot,2022-08-11,30,24.9,26.2,36.2,24.9,27.3,23.4,84.4,0.4,100,4.17,rain,0,0,41.4,28.4,243.1,1007.4,70.6,10,226.2,19.6,8,30,2022-08-11T05:42:57,2022-08-11T18:14:18,0.5,"Rain, Partially cloudy",Partly cloudy throughout the day with afternoon rain.,rain,"48894099999,48900099999,VVTS"
thu dau mot,2022-08-12,33,24,27.8,42.3,24,31.6,24.4,82.7,6,100,4.17,rain,0,0,51.8,27.7,231.3,1008.3,65.9,9.4,301,26,10,30,2022-08-12T05:43:02,2022-08-12T18:13:53,0.5,"Rain, Partially cloudy",Partly cloudy throughout the day with late afternoon rain.,rain,"48894099999,48900099999,VVTS"
thu dau mot,2022-08-13,34,25.9,29.6,40.1,25.9,32.9,23.4,71.3,0.2,100,8.33,rain,0,0,14.8,13.6,266.4,1008.3,39.9,10.1,292.5,25.5,9,60,2022-08-13T05:43:07,2022-08-13T18:13:27,0.52,"Rain, Partially cloudy",Partly cloudy throughout the day with rain.,rain,"48894099999,48900099999,VVTS"
thu dau mot,2022-08-14,34,26,29.6,42.1,26,34.3,24.2,74.1,0.6,100,4.17,rain,0,0,16.9,14.8,297.6,1008.1,52.7,9.7,307.3,26.4,10,60,2022-08-14T05:43:12,2022-08-14T18:13:00,0.54,"Rain, Partially cloudy",Partly cloudy throughout the day with late afternoon rain.,rain,"48894099999,48900099999,VVTS"
thu dau mot,2022-08-15,32,23,27.2,40.6,23,30.9,24.8,87.3,34,100,4.17,rain,0,0,59.4,35.3,229.2,1007.7,79.3,8.4,155.9,13.5,6,60,2022-08-15T05:43:16,2022-08-15T18:12:33,0.58,"Rain, Partially cloudy",Partly cloudy throughout the day with late afternoon rain.,rain,"48894099999,48900099999,VVTS"
thu dau mot,2022-08-16,32,25,26.8,46.2,25,30,25.7,93.6,9,100,12.5,rain,0,0,30.2,29.7,246.1,1007.8,79.4,8,274.8,23.7,9,60,2022-08-16T05:43:20,2022-08-16T18:12:05,0.62,"Rain, Partially cloudy",Partly cloudy throughout the day with rain.,rain,"48894099999,48900099999,VVTS"
thu dau mot,2022-08-17,31,25.9,27.9,40.6,25.9,31.6,25,84.7,5.6,100,33.33,rain,0,0,44.6,24.1,235.4,1008.2,64.4,9.9,196.8,17.1,9,60,2022-08-17T05:43:23,2022-08-17T18:11:37,0.67,"Rain, Partially cloudy",Partly cloudy throughout the day with rain.,rain,"48894099999,48900099999,VVTS"
thu dau mot,2022-08-18,33,26,28.7,39.3,26,33,24.7,79.8,0.9,100,4.17,rain,0,0,51.8,31.7,265.7,1007.4,56.1,10,198.9,17.2,9,60,2022-08-18T05:43:26,2022-08-18T18:11:08,0.72,"Rain, Partially cloudy",Partly cloudy throughout the day with late afternoon rain.,rain,"48894099999,48900099999,VVTS"
thu dau mot,2022-08-19,33.8,26,28.6,41.7,26,32.7,24.5,79.2,6.5,100,29.17,rain,0,0,27.7,20.5,272.9,1006.8,54.5,9.7,236.6,20.5,9,60,2022-08-19T05:43:29,2022-08-19T18:10:38,0.77,"Rain, Partially cloudy",Partly cloudy throughout the day with rain.,rain,"48894099999,48900099999,VVTS"
thu dau mot,2022-08-20,33,26,28.5,40.6,26,33.3,24.8,80.7,2.6,100,8.33,rain,0,0,26.3,27.7,251.8,1006.2,68.7,9.9,208.6,18,9,30,2022-08-20T05:43:31,2022-08-20T18:10:08,0.82,"Rain, Partially cloudy",Partly cloudy throughout the day with rain.,rain,"48894099999,48900099999,VVTS"
thu dau mot,2022-08-21,32,26.9,28.4,39.2,29.5,32.8,24.5,80,1,100,4.17,rain,0,0,25.6,24.1,230.6,1006.8,53.1,10.6,282.7,24.4,9,60,2022-08-21T05:43:33,2022-08-21T18:09:37,0.86,"Rain, Partially cloudy",Partly cloudy throughout the day with late afternoon rain.,rain,"48894099999,48900099999,VVTS"
thu dau mot,2022-08-22,35,25.9,28.8,41.9,25.9,32.3,24.2,77.3,8,100,4.17,rain,0,0,27.4,16.6,238,1007.5,61,9.8,261.3,22.6,9,60,2022-08-22T05:43:35,2022-08-22T18:09:05,0.9,"Rain, Partially cloudy",Partly cloudy throughout the day with late afternoon rain.,rain,"48894099999,48900099999,VVTS"
thu dau mot,2022-08-23,33,25,28.9,40.6,25,33.1,24.8,79.7,13,100,8.33,rain,0,0,26.6,25.9,252.2,1007.3,66.3,9.8,184.1,16,7,60,2022-08-23T05:43:36,2022-08-23T18:08:33,0.94,"Rain, Partially cloudy",Partly cloudy throughout the day with rain.,rain,"48894099999,48900099999,VVTS"
thu dau mot,2022-08-24,33,25,28.3,40.6,25,31.7,23.9,78.1,2.6,100,8.33,rain,0,0,27.4,16.6,256.5,1006.5,56.9,9.8,217.8,18.8,8,30,2022-08-24T05:43:37,2022-08-24T18:08:00,0.97,"Rain, Partially cloudy",Partly cloudy throughout the day with rain.,rain,"48894099999,48900099999,VVTS"
thu dau mot,2022-08-25,32,25,27.4,37.9,25,29.7,23.9,81.8,25,100,8.33,rain,0,0,27.7,25.9,230.9,1006.7,77.8,9.9,240.2,20.9,9,30,2022-08-25T05:43:37,2022-08-25T18:07:27,0.99,"Rain, Partially cloudy",Partly cloudy throughout the day with rain.,rain,"48894099999,48900099999,VVTS"
thu dau mot,2022-08-26,31,24,26.6,37.6,24,28.2,23.9,85.7,28,100,8.33,rain,0,0,26.3,24.1,223.2,1008.7,74.9,9.4,210,18.2,8,30,2022-08-26T05:43:37,2022-08-26T18:06:54,1,"Rain, Partially cloudy",Partly cloudy throughout the day with rain.,rain,"48894099999,48900099999,VVTS"
thu dau mot,2022-08-27,34,24,28.3,40.6,24,30.9,23.5,77.2,18,100,4.17,rain,0,0,25.6,16.6,313.7,1008.5,61,9.2,306.3,26.4,10,60,2022-08-27T05:43:37,2022-08-27T18:06:19,0,"Rain, Partially cloudy",Partly cloudy throughout the day with late afternoon rain.,rain,"48894099999,48900099999,VVTS"
thu dau mot,2022-08-28,34,25,28,42,25,30.9,24.6,83.1,3.1,100,8.33,rain,0,0,13,12.4,173,1007.2,68.6,8.5,280.9,24.2,9,60,2022-08-28T05:43:37,2022-08-28T18:05:45,0.01,"Rain, Partially cloudy",Partly cloudy throughout the day with rain.,rain,"48894099999,48900099999,VVTS"
thu dau mot,2022-08-29,33,25,29.2,40.6,25,33.4,24.4,76.7,1,100,4.17,rain,0,0,24.8,18.4,135.8,1007.9,54.2,10.1,273.7,23.5,9,60,2022-08-29T05:43:36,2022-08-29T18:05:10,0.02,"Rain, Partially cloudy",Partly cloudy throughout the day with early morning rain.,rain,"48894099999,48900099999,VVTS"
thu dau mot,2022-08-30,33.9,24,29.2,41.8,24,34.4,25,79.2,4.5,100,25,rain,0,0,24.8,14.8,137.5,1008.3,62.5,10,242.4,20.7,10,60,2022-08-30T05:43:36,2022-08-30T18:04:35,0.05,"Rain, Partially cloudy",Partly cloudy throughout the day with rain.,rain,"48894099999,48900099999,VVTS"
thu dau mot,2022-08-31,33,25,28.2,39,25,31.6,24.4,80.7,7,100,4.17,rain,0,0,24.1,18.4,230.9,1007.5,58.7,9.1,259.7,22.3,9,60,2022-08-31T05:43:34,2022-08-31T18:03:59,0.09,"Rain, Partially cloudy",Partly cloudy throughout the day with late afternoon rain.,rain,"48894099999,48900099999,VVTS"
thu dau mot,2022-09-01,34,25,29.1,45.3,25,33.4,24.7,78.6,0.2,100,4.17,rain,0,0,13.7,18.4,266.5,1007.5,61.3,9.5,249,21.3,10,60,2022-09-01T05:43:33,2022-09-01T18:03:23,0.13,"Rain, Partially cloudy",Partly cloudy throughout the day with early morning rain.,rain,"48894099999,48900099999,VVTS"
thu dau mot,2022-09-02,33,24,27.9,43.8,24,32.2,24.9,84.2,7.9,100,37.5,rain,0,0,20.9,20.5,276.2,1008,63.9,9.7,295.6,25.4,10,60,2022-09-02T05:43:31,2022-09-02T18:02:46,0.18,"Rain, Partially cloudy",Partly cloudy throughout the day with a chance of rain throughout the day.,rain,"48894099999,48900099999,VVTS"
thu dau mot,2022-09-03,34,25,28.5,41.7,25,32.3,24.5,80,56,100,4.17,rain,0,0,51.8,27.7,234.9,1007.4,55.4,9.8,208.2,17.9,9,60,2022-09-03T05:43:30,2022-09-03T18:02:09,0.24,"Rain, Partially cloudy",Partly cloudy throughout the day with late afternoon rain.,rain,"48894099999,48900099999,VVTS"
thu dau mot,2022-09-04,32,25,28,39.2,25,31.6,24.8,83.1,3,100,4.17,rain,0,0,36.4,30.7,253.1,1008.2,60.5,10.2,264,22.8,10,60,2022-09-04T05:43:28,2022-09-04T18:01:32,0.29,"Rain, Partially cloudy",Partly cloudy throughout the day with afternoon rain.,rain,"48894099999,48900099999,VVTS"
thu dau mot,2022-09-05,32,25,28,39.2,25,31.4,24.5,82.2,2.7,100,8.33,rain,0,0,29.5,20.5,264.5,1008.6,66.9,10,204.8,17.6,7,30,2022-09-05T05:43:25,2022-09-05T18:00:54,0.35,"Rain, Partially cloudy",Partly cloudy throughout the day with rain.,rain,"48894099999,48900099999,VVTS"
thu dau mot,2022-09-06,32,24.9,27.6,39.2,24.9,30.2,24.6,85,2.6,100,8.33,rain,0,0,34.9,23.5,256,1008.3,71.7,9.4,128.4,11.1,5,30,2022-09-06T05:43:23,2022-09-06T18:00:16,0.4,"Rain, Partially cloudy",Partly cloudy throughout the day with rain.,rain,"48894099999,48900099999,VVTS"
thu dau mot,2022-09-07,29,25,26,33.6,25,26.9,24.2,90.1,17,100,12.5,rain,0,0,39.2,18.4,258,1008.7,73.5,8.5,185.8,16.1,7,10,2022-09-07T05:43:20,2022-09-07T17:59:38,0.44,"Rain, Partially cloudy",Partly cloudy throughout the day with rain.,rain,"48894099999,48900099999,VVTS"
thu dau mot,2022-09-08,31,24.9,27.4,36.5,24.9,29.7,23.7,80.9,6.2,100,33.33,rain,0,0,28.4,20.7,242,1010.1,56.6,10.2,163.7,14.1,8,30,2022-09-08T05:43:18,2022-09-08T17:59:00,0.47,"Rain, Partially cloudy",Partly cloudy throughout the day with a chance of rain throughout the day.,rain,"48894099999,48900099999,VVTS"
thu dau mot,2022-09-09,34,25,29.2,40.6,25,33.3,24.5,77.1,2.4,100,20.83,rain,0,0,33.5,13,261.1,1009.7,54.5,10.3,248.3,21.3,9,60,2022-09-09T05:43:15,2022-09-09T17:58:22,0.49,"Rain, Partially cloudy",Partly cloudy throughout the day with rain.,rain,"48894099999,48900099999,VVTS"
thu dau mot,2022-09-10,34,26,29.6,39.4,26,34.7,25,77.6,5,100,4.17,rain,0,0,30.2,16.6,145.4,1009.4,58.3,9.8,219.5,19.1,8,30,2022-09-10T05:43:12,2022-09-10T17:57:43,0.5,"Rain, Partially cloudy",Partly cloudy throughout the day with morning rain.,rain,"48894099999,48900099999,VVTS"
thu dau mot,2022-09-11,34,25,28.1,40.6,25,31.5,24.6,82.4,9,100,8.33,rain,0,0,28.8,16.6,130.9,1008.7,61.9,9.6,265.7,22.9,10,30,2022-09-11T05:43:09,2022-09-11T17:57:04,0.51,"Rain, Partially cloudy",Partly cloudy throughout the day with rain clearing later.,rain,"48894099999,48900099999,VVTS"
thu dau mot,2022-09-12,33,25,27.3,39.3,25,29.5,24.4,85.1,2,100,4.17,rain,0,0,15.8,11.2,142.6,1008.6,80.1,9.7,132.5,11.6,9,60,2022-09-12T05:43:06,2022-09-12T17:56:25,0.53,"Rain, Partially cloudy",Partly cloudy throughout the day with early morning rain.,rain,"48894099999,48900099999,VVTS"
thu dau mot,2022-09-13,32.5,25,28.3,39.6,25,32.2,24.8,82.3,2.3,100,25,rain,0,0,26.3,16.6,187.9,1009.3,52.4,9.6,295.6,25.5,10,60,2022-09-13T05:43:02,2022-09-13T17:55:46,0.56,"Rain, Partially cloudy",Partly cloudy throughout the day with rain.,rain,"48894099999,48900099999,VVTS"
thu dau mot,2022-09-14,32,26,28,38.8,26,31.3,24.7,82.9,0.2,100,4.17,rain,0,0,34.6,22.1,243.4,1010.3,50.4,10.1,294.2,25.5,9,60,2022-09-14T05:42:59,2022-09-14T17:55:06,0.6,"Rain, Partially cloudy",Partly cloudy throughout the day with afternoon rain.,rain,"48894099999,48900099999,VVTS"
thu dau mot,2022-09-15,31.5,25,28.3,38.5,25,31.8,24.3,79.6,7,100,4.17,rain,0,0,29.5,27.7,257.2,1009.5,58.8,10.2,162.9,14.1,8,30,2022-09-15T05:42:56,2022-09-15T17:54:27,0.64,"Rain, Partially cloudy",Partly cloudy throughout the day with afternoon rain.,rain,"48894099999,48900099999,VVTS"
thu dau mot,2022-09-16,32.5,25.5,28.1,39.2,25.5,31.9,25,83.9,8,100,4.17,rain,0,0,40.7,24.1,256.2,1007.4,65.5,9.7,220.5,19.1,9,60,2022-09-16T05:42:52,2022-09-16T17:53:48,0.69,"Rain, Partially cloudy",Partly cloudy throughout the day with late afternoon rain.,rain,"48894099999,48900099999,VVTS"
thu dau mot,2022-09-17,32.9,25.9,28.5,39.9,25.9,32.9,25.1,82.6,0.1,100,4.17,rain,0,0,34.2,25,267.2,1007.6,61.8,10.2,218.5,18.9,9,60,2022-09-17T05:42:49,2022-09-17T17:53:08,0.74,"Rain, Partially cloudy",Partly cloudy throughout the day with early morning rain.,rain,"48894099999,48900099999,VVTS"
thu dau mot,2022-09-18,32,26,28.2,38.5,26,31.3,24.6,82,30,100,4.17,rain,0,0,31.3,24.3,271,1008.6,56,9.8,237.9,20.6,9,30,2022-09-18T05:42:46,2022-09-18T17:52:29,0.78,"Rain, Partially cloudy",Partly cloudy throughout the day with late afternoon rain.,rain,"48894099999,48900099999,VVTS"
thu dau mot,2022-09-19,32.5,24.5,27.4,39.2,24.5,30.3,24.7,86.1,5,100,8.33,rain,0,0,30.2,19.4,284.7,1008.5,54.6,9.3,249.3,21.4,8,30,2022-09-19T05:42:42,2022-09-19T17:51:49,0.83,"Rain, Partially cloudy",Partly cloudy throughout the day with rain.,rain,"48894099999,48900099999,VVTS"
thu dau mot,2022-09-20,31.5,25,27.6,37.8,25,30.5,24.8,85.3,6.1,100,8.33,rain,0,0,24.5,22.1,271.5,1007.4,57.7,9.3,247,21.5,9,30,2022-09-20T05:42:39,2022-09-20T17:51:10,0.87,"Rain, Partially cloudy",Partly cloudy throughout the day with rain.,rain,"48894099999,48900099999,VVTS"
thu dau mot,2022-09-21,34.1,25,28.3,40.7,25,31.9,24.7,82.2,0.1,100,4.17,rain,0,0,23.8,17.6,233.7,1006.9,60.8,9.8,219.3,19,8,30,2022-09-21T05:42:36,2022-09-21T17:50:30,0.91,"Rain, Partially cloudy",Partly cloudy throughout the day with afternoon rain.,rain,"48894099999,48900099999,VVTS"
thu dau mot,2022-09-22,31.5,26.4,27.8,38.5,26.4,31.4,24.8,83.8,0.4,100,8.33,rain,0,0,32.8,23.2,234.2,1007.7,61,10.1,268.7,23.3,9,60,2022-09-22T05:42:33,2022-09-22T17:49:51,0.95,"Rain, Partially cloudy",Partly cloudy throughout the day with rain.,rain,"48894099999,48900099999,VVTS"
thu dau mot,2022-09-23,33,25.5,28.3,39.9,25.5,31.6,24.7,81.8,0.2,100,8.33,rain,0,0,23.8,17.6,242.3,1008.1,59.1,9.6,228,19.8,10,60,2022-09-23T05:42:30,2022-09-23T17:49:12,0.97,"Rain, Partially cloudy",Partly cloudy throughout the day with rain.,rain,"48894099999,48900099999,VVTS"
thu dau mot,2022-09-24,31.8,26,27.7,38.9,26,30.8,25,85.5,0.1,100,4.17,rain,0,0,23.4,12.7,231.7,1007.5,60,9.5,265.1,22.8,9,60,2022-09-24T05:42:27,2022-09-24T17:48:33,0.99,"Rain, Partially cloudy",Partly cloudy throughout the day with early morning rain.,rain,"48894099999,48900099999,VVTS"
thu dau mot,2022-09-25,31.4,24,27.2,39,24,29.9,24.9,87.8,0.4,100,4.17,rain,0,0,40.7,25.9,245.3,1008.1,67.5,9.2,252.8,21.7,9,30,2022-09-25T05:42:24,2022-09-25T17:47:53,1,"Rain, Partially cloudy",Partly cloudy throughout the day with late afternoon rain.,rain,"48894099999,48900099999,VVTS"
thu dau mot,2022-09-26,31.5,24,26,39.1,24,27.8,24.3,90.8,12,100,8.33,rain,0,0,40.7,21.2,310.2,1008.2,82.9,9.1,138.5,12.1,7,30,2022-09-26T05:42:21,2022-09-26T17:47:15,0,"Rain, Partially cloudy",Partly cloudy throughout the day with rain.,rain,"48894099999,48900099999,VVTS"
thu dau mot,2022-09-27,30,23,26.1,36.2,23,27.8,24.3,90,1,100,4.17,rain,0,0,41.8,23.2,286.9,1005.8,85.3,9.3,99.5,8.6,4,10,2022-09-27T05:42:19,2022-09-27T17:46:36,0.01,"Rain, Partially cloudy",Partly cloudy throughout the day with early morning rain.,rain,"48894099999,48900099999,VVTS"
thu dau mot,2022-09-28,31,25,26.8,38.4,25,28.7,24.7,89.2,10.6,100,58.33,rain,0,0,61.2,38.9,250.4,1002.8,72,9,171.2,14.9,7,30,2022-09-28T05:42:17,2022-09-28T17:45:58,0.04,"Rain, Partially cloudy",Partly cloudy throughout the day with a chance of rain throughout the day.,rain,"48894099999,48900099999,VVTS"
thu dau mot,2022-09-29,30,24,25.9,36.8,24,27,24.6,92.9,12,100,8.33,rain,0,0,39.2,26.8,220.8,1005.7,77.2,8.8,187.4,16.2,8,30,2022-09-29T05:42:15,2022-09-29T17:45:19,0.07,"Rain, Partially cloudy",Partly cloudy throughout the day with rain clearing later.,rain,"48894099999,48900099999,VVTS"
thu dau mot,2022-09-30,31,25,27.5,39.1,25,30.9,25.2,88,5.7,100,29.17,rain,0,0,30.2,20.3,240,1008.1,64.6,10,240,20.4,9,30,2022-09-30T05:42:13,2022-09-30T17:44:41,0.12,"Rain, Partially cloudy",Partly cloudy throughout the day with rain.,rain,"48900099999,VVTS"
thu dau mot,2022-10-01,32.5,24.5,27.6,39.9,24.5,30.6,25.2,87.5,10,100,41.67,rain,0,0,51.8,27.7,221.8,1008.8,69.5,8.9,183.5,15.7,9,60,2022-10-01T05:42:11,2022-10-01T17:44:04,0.17,"Rain, Partially cloudy",Partly cloudy throughout the day with rain.,rain,"48900099999,VVTS"
thu dau mot,2022-10-02,31.5,25,27.3,39.2,25,30.8,25.1,88.1,8.4,100,58.33,rain,0,0,16.9,13,143.3,1008.3,72.8,9,87.9,7.5,6,60,2022-10-02T05:42:10,2022-10-02T17:43:26,0.22,"Rain, Partially cloudy",Partly cloudy throughout the day with a chance of rain throughout the day.,rain,"48900099999,VVTS"
thu dau mot,2022-10-03,31.5,25.5,28.3,39.2,25.5,32.2,25,83.1,3.8,100,33.33,rain,0,0,31,19.4,118,1008.2,69.5,10,233.6,20.4,9,75,2022-10-03T05:42:09,2022-10-03T17:42:49,0.28,"Rain, Partially cloudy",Partly cloudy throughout the day with rain.,rain,"48900099999,VVTS"
thu dau mot,2022-10-04,32,25,28.4,39.2,25,32.5,24.9,82.1,7.1,100,20.83,rain,0,0,19.8,20.3,90.9,1009.1,56.7,9.4,249.9,21.6,10,60,2022-10-04T05:42:08,2022-10-04T17:42:12,0.34,"Rain, Partially cloudy",Partly cloudy throughout the day with rain.,rain,"48894099999,48900099999,VVTS"
thu dau mot,2022-10-05,32,25,28.6,38.8,25,32.8,24.7,80.2,4.2,100,25,rain,0,0,25.9,17.6,114.6,1009.7,55,10.3,233.3,20.3,8,60,2022-10-05T05:42:08,2022-10-05T17:41:36,0.39,"Rain, Partially cloudy",Partly cloudy throughout the day with rain.,rain,"48894099999,48900099999,VVTS"
thu dau mot,2022-10-06,30.4,25,27.5,37.3,25,30.6,25.1,87.5,5.3,100,33.33,rain,0,0,14.4,18.4,132.8,1010.3,56.5,9.8,189.1,16.4,10,30,2022-10-06T05:42:07,2022-10-06T17:41:00,0.43,"Rain, Partially cloudy",Partly cloudy throughout the day with a chance of rain throughout the day.,rain,"48894099999,48900099999,VVTS"
thu dau mot,2022-10-07,33.8,25,28.3,39.9,25,32.3,25.2,84.7,14,100,4.17,rain,0,0,25.2,19.4,106.6,1009.6,47.9,9.9,264.1,22.8,10,60,2022-10-07T05:42:08,2022-10-07T17:40:25,0.47,"Rain, Partially cloudy",Partly cloudy throughout the day with late afternoon rain.,rain,"48894099999,48900099999,VVTS"
thu dau mot,2022-10-08,28.3,25,25.9,33.9,25,26.8,25.1,95,15.4,100,4.17,rain,0,0,20.5,13.3,322.1,1010.3,78.9,8.4,167.6,14.3,9,30,2022-10-08T05:42:08,2022-10-08T17:39:49,0.49,"Rain, Partially cloudy",Partly cloudy throughout the day with late afternoon rain.,rain,"48894099999,48900099999,VVTS"
thu dau mot,2022-10-09,30.2,24,27.1,38.1,24,30.7,25.4,90.7,2.4,100,4.17,rain,0,0,27.4,13.9,168.4,1010.8,68.5,8.2,191.7,16.6,6,30,2022-10-09T05:42:09,2022-10-09T17:39:15,0.5,"Rain, Partially cloudy",Partly cloudy throughout the day with late afternoon rain.,rain,"48894099999,48900099999,VVTS"
thu dau mot,2022-10-10,32,24,27.2,39.2,24,30.1,24.8,87.7,4.2,100,4.17,rain,0,0,23,13,91.7,1011,74.1,8.4,191.1,16.6,8,60,2022-10-10T05:42:10,2022-10-10T17:38:41,0.5,"Rain, Partially cloudy",Partly cloudy throughout the day with late afternoon rain.,rain,"48894099999,48900099999,VVTS"
thu dau mot,2022-10-11,31.5,24,26.8,37.2,24,29.1,24.8,89.6,4.1,100,4.17,rain,0,0,18.7,13,307.5,1010.3,73.1,7.7,238.3,20.5,9,60,2022-10-11T05:42:12,2022-10-11T17:38:07,0.52,"Rain, Partially cloudy",Partly cloudy throughout the day with late afternoon rain.,rain,"48894099999,48900099999,VVTS"
thu dau mot,2022-10-12,33,25,28.6,39.3,25,32.1,24.6,80.5,0.1,100,4.17,rain,0,0,25.2,11.2,356,1008.8,66.2,9.7,274.2,23.8,9,60,2022-10-12T05:42:14,2022-10-12T17:37:34,0.54,"Rain, Partially cloudy",Partly cloudy throughout the day with late afternoon rain.,rain,"48894099999,48900099999,VVTS"
thu dau mot,2022-10-13,33,25,28.6,38.1,25,31.3,23.8,77.2,0.6,100,8.33,rain,0,0,36.4,20.5,345.4,1007.7,48.5,9,243.2,20.8,9,30,2022-10-13T05:42:17,2022-10-13T17:37:01,0.57,"Rain, Partially cloudy",Partly cloudy throughout the day with rain clearing later.,rain,"48894099999,48900099999,VVTS"
thu dau mot,2022-10-14,30.5,25,27.5,35.8,25,29.7,23.7,80.7,0.2,100,4.17,rain,0,0,32,18.5,335.2,1006.4,88.5,9.8,104.6,9,4,10,2022-10-14T05:42:20,2022-10-14T17:36:29,0.61,"Rain, Partially cloudy",Partly cloudy throughout the day with late afternoon rain.,rain,"48894099999,48900099999,VVTS"
thu dau mot,2022-10-15,30,23.5,26.3,33.3,23.5,27.5,22.5,80.4,0.1,100,4.17,rain,0,0,28.4,14.8,314,1006.5,58.5,9.7,278.3,24.1,10,10,2022-10-15T05:42:24,2022-10-15T17:35:58,0.65,"Rain, Partially cloudy",Partly cloudy throughout the day with afternoon rain.,rain,"48894099999,48900099999,VVTS"
thu dau mot,2022-10-16,32.5,22,27,36.9,22,29.1,22.6,79,0,0,0,rain,0,0,20.2,13,322.2,1008.9,36.4,10.1,266,23,9,30,2022-10-16T05:42:28,2022-10-16T17:35:27,0.7,Partially cloudy,Becoming cloudy in the afternoon.,partly-cloudy-day,"48894099999,48900099999,VVTS"
thu dau mot,2022-10-17,33.5,24,28.4,39.3,24,31.8,24.3,79.7,3.7,100,25,rain,0,0,14.4,15.7,307.9,1009.1,43,10,221.8,19.2,9,30,2022-10-17T05:42:32,2022-10-17T17:34:57,0.74,"Rain, Partially cloudy",Partly cloudy throughout the day with rain.,rain,"48894099999,48900099999,VVTS"
thu dau mot,2022-10-18,33.5,25,28.4,39.3,25,31.6,24.7,82,6.9,100,50,rain,0,0,25.9,14.8,148.3,1008.5,53.6,9.5,260.2,22.5,9,30,2022-10-18T05:42:37,2022-10-18T17:34:28,0.79,"Rain, Partially cloudy",Partly cloudy throughout the day with a chance of rain throughout the day.,rain,"48894099999,48900099999,VVTS"
thu dau mot,2022-10-19,28.5,24,25.9,34.6,24,26.8,25.1,95.4,26.3,100,4.17,rain,0,0,27.7,13,139.6,1008.8,78.9,8.1,256.3,22,9,30,2022-10-19T05:42:43,2022-10-19T17:33:59,0.84,"Rain, Partially cloudy",Partly cloudy throughout the day with late afternoon rain.,rain,"48894099999,48900099999,VVTS"
thu dau mot,2022-10-20,29,24,26.4,35.6,24,28.9,24.8,91.4,29.5,100,4.17,rain,0,0,33.8,16,122.1,1010.2,82,8.9,270.8,23.5,9,60,2022-10-20T05:42:49,2022-10-20T17:33:31,0.88,"Rain, Partially cloudy",Partly cloudy throughout the day with late afternoon rain.,rain,"48894099999,48900099999,VVTS"
thu dau mot,2022-10-21,32.5,25,28.6,39.9,25,32.5,24.8,81.2,2.6,100,25,rain,0,0,22,16.9,134.7,1010.9,47.5,9.8,240.2,20.6,8,30,2022-10-21T05:42:56,2022-10-21T17:33:04,0.92,"Rain, Partially cloudy",Partly cloudy throughout the day with rain.,rain,"48894099999,48900099999,VVTS"
thu dau mot,2022-10-22,33,26,28.9,39.9,26,32.9,25.2,81.9,0.5,100,4.17,rain,0,0,18.7,13.9,339.2,1011.1,63.6,9.3,259.8,22.4,9,30,2022-10-22T05:43:03,2022-10-22T17:32:37,0.96,"Rain, Partially cloudy",Partly cloudy throughout the day with late afternoon rain.,rain,"48894099999,48900099999,VVTS"
thu dau mot,2022-10-23,33,25.5,28,39.9,25.5,31,25.3,86.4,42.1,100,4.17,rain,0,0,13.7,14.8,272.2,1010.9,53.3,9.7,221.2,19,9,60,2022-10-23T05:43:11,2022-10-23T17:32:12,0.98,"Rain, Partially cloudy",Partly cloudy throughout the day with late afternoon rain.,rain,"48894099999,48900099999,VVTS"
thu dau mot,2022-10-24,34,23.2,28.4,41.7,23.2,32,25.1,84.3,2.1,100,4.17,rain,0,0,31.7,20.5,258.1,1009.6,65.9,8.7,256.4,22.1,9,30,2022-10-24T05:43:19,2022-10-24T17:31:47,1,"Rain, Partially cloudy",Partly cloudy throughout the day with late afternoon rain.,rain,"48894099999,48900099999,VVTS"
thu dau mot,2022-10-25,31.5,24,27.4,41.5,24,31.1,25.3,89,31.3,100,4.17,rain,0,0,12.2,14,253.5,1009.7,78.6,8.8,227.3,19.7,9,60,2022-10-25T05:43:28,2022-10-25T17:31:23,0,"Rain, Partially cloudy",Partly cloudy throughout the day with late afternoon rain.,rain,"48894099999,48900099999,VVTS"
thu dau mot,2022-10-26,32.5,25,28.7,42.2,25,33.5,25.7,84.9,24,100,4.17,rain,0,0,22.7,15.7,123.4,1009,63.7,9.5,249.9,21.4,8,60,2022-10-26T05:43:38,2022-10-26T17:30:59,0.01,"Rain, Partially cloudy",Partly cloudy throughout the day with late afternoon rain.,rain,"48894099999,48900099999,VVTS"
thu dau mot,2022-10-27,31.5,25,26.9,39.9,25,29.6,25.5,92.6,6.2,100,8.33,rain,0,0,17.6,13,359.3,1008.7,67.5,8.6,100.9,8.6,5,30,2022-10-27T05:43:48,2022-10-27T17:30:37,0.03,"Rain, Partially cloudy",Partly cloudy throughout the day with rain.,rain,"48894099999,48900099999,VVTS"
thu dau mot,2022-10-28,30,25,27.4,37.4,25,31.1,25.5,90,0.9,100,4.17,rain,0,0,14.4,11.2,269.9,1007.3,67.2,8.3,178,15.4,7,30,2022-10-28T05:43:59,2022-10-28T17:30:16,0.06,"Rain, Partially cloudy",Partly cloudy throughout the day with late afternoon rain.,rain,"48894099999,48900099999,VVTS"
thu dau mot,2022-10-29,32.5,24,27.6,36.8,24,30.2,23.3,78.5,0.2,100,4.17,rain,0,0,27,13.1,16.8,1007,49.9,9.8,244.5,20.9,9,30,2022-10-29T05:44:11,2022-10-29T17:29:55,0.1,"Rain, Partially cloudy",Partly cloudy throughout the day with late afternoon rain.,rain,"48894099999,48900099999,VVTS"
thu dau mot,2022-10-30,33,26,28.8,37,26,31.2,22.7,70.9,0.7,100,12.5,rain,0,0,37.1,17.5,18.8,1006.9,64.1,10.3,225.7,19.4,9,30,2022-10-30T05:44:23,2022-10-30T17:29:35,0.15,"Rain, Partially cloudy",Partly cloudy throughout the day with rain.,rain,"48894099999,48900099999,VVTS"
thu dau mot,2022-10-31,33.5,24,28.7,36.3,24,31,22.3,70.9,0,0,0,,0,0,16.9,21.9,3.1,1007.6,35.7,9.9,266.8,23,9,10,2022-10-31T05:44:36,2022-10-31T17:29:16,0.21,Partially cloudy,Partly cloudy throughout the day.,partly-cloudy-day,"48894099999,48900099999,VVTS"
thu dau mot,2022-11-01,32,25,28,39.2,25,31.2,24.4,81.8,0.5,100,12.5,rain,0,0,27.4,13.9,11.6,1008.8,50.4,9.8,203.9,17.6,7,10,2022-11-01T05:44:50,2022-11-01T17:28:59,0.26,"Rain, Partially cloudy",Partly cloudy throughout the day with late afternoon rain.,rain,"48894099999,48900099999,VVTS"
thu dau mot,2022-11-02,31,25,27.4,36.5,25,29.9,24.3,83.7,0.2,100,4.17,rain,0,0,31,14.8,144.2,1009.4,62.6,9,225.5,19.6,9,10,2022-11-02T05:45:04,2022-11-02T17:28:42,0.32,"Rain, Partially cloudy",Partly cloudy throughout the day with late afternoon rain.,rain,"48894099999,48900099999,VVTS"
thu dau mot,2022-11-03,29,24,26,33.6,24,26.9,24,89.2,8.9,100,4.17,rain,0,0,28.4,13,95,1010.5,80.2,7.9,247.1,21.4,9,10,2022-11-03T05:45:19,2022-11-03T17:28:26,0.37,"Rain, Partially cloudy",Partly cloudy throughout the day with late afternoon rain.,rain,"48894099999,48900099999,VVTS"
thu dau mot,2022-11-04,30,24,26.2,35.6,24,27.4,24.4,90.5,4,100,4.17,rain,0,0,14,10.1,76.7,1011.9,86.2,8.5,186.6,15.9,9,30,2022-11-04T05:45:34,2022-11-04T17:28:11,0.42,"Rain, Partially cloudy",Partly cloudy throughout the day with late afternoon rain.,rain,"48894099999,48900099999,VVTS"
thu dau mot,2022-11-05,32,24,27.6,37.6,24,29.9,23.7,81.3,7,100,33.33,rain,0,0,15.8,14.8,105.7,1012.7,51.1,9.1,219.3,18.9,8,30,2022-11-05T05:45:50,2022-11-05T17:27:57,0.45,"Rain, Partially cloudy",Partly cloudy throughout the day with rain.,rain,"48894099999,48900099999,VVTS"
thu dau mot,2022-11-06,32.9,24,27.6,39.2,24,29.9,24.4,84.2,5.3,100,29.17,rain,0,0,21.2,14,308.3,1012.4,46.8,8.8,204.6,17.8,7,30,2022-11-06T05:46:07,2022-11-06T17:27:44,0.48,"Rain, Partially cloudy",Partly cloudy throughout the day with a chance of rain throughout the day.,rain,"48894099999,48900099999,VVTS"
thu dau mot,2022-11-07,32,24.5,27.6,39.9,24.5,31.7,25.5,88.9,2.4,100,20.83,rain,0,0,27,11.6,238.3,1011.2,59.2,8.6,242.3,20.8,9,30,2022-11-07T05:46:25,2022-11-07T17:27:32,0.49,"Rain, Partially cloudy",Partly cloudy throughout the day with rain.,rain,"48894099999,48900099999,VVTS"
thu dau mot,2022-11-08,32.5,25,28.6,38.4,25,32.6,24.9,82,0.5,100,16.67,rain,0,0,23.4,11.2,3.7,1010.6,46.2,9.4,215.8,18.8,8,30,2022-11-08T05:46:43,2022-11-08T17:27:22,0.5,"Rain, Partially cloudy",Partly cloudy throughout the day with rain.,rain,"48894099999,48900099999,VVTS"
thu dau mot,2022-11-09,33.5,25,29,41.4,25,33.3,25.1,80.7,1.8,100,12.5,rain,0,0,20.2,12.1,221.9,1010.4,56.3,8.9,256.8,22.2,9,30,2022-11-09T05:47:02,2022-11-09T17:27:12,0.51,"Rain, Partially cloudy",Partly cloudy throughout the day with rain.,rain,"48894099999,48900099999,VVTS"
thu dau mot,2022-11-10,34.3,25,28.7,41.1,25,33.1,25.7,85.9,0.5,100,12.5,rain,0,0,25.9,11.2,208,1009.5,61.7,8.1,234,20.3,9,60,2022-11-10T05:47:21,2022-11-10T17:27:03,0.53,"Rain, Partially cloudy",Partly cloudy throughout the day with rain.,rain,"48894099999,48900099999,VVTS"
thu dau mot,2022-11-11,33,26,29.2,40.6,26,34.4,25.6,82.1,1.2,100,12.5,rain,0,0,15.8,13.9,110.3,1009.6,54.9,8.8,222,19.2,8,60,2022-11-11T05:47:42,2022-11-11T17:26:55,0.54,"Rain, Partially cloudy",Partly cloudy throughout the day with afternoon rain.,rain,"48894099999,48900099999,VVTS"
thu dau mot,2022-11-12,32.6,26,27.9,38.6,26,31.1,25.3,87.1,11.6,100,4.17,rain,0,0,11.2,18.5,298.6,1009,59.1,8.6,236,20.4,8,30,2022-11-12T05:48:03,2022-11-12T17:26:49,0.58,"Rain, Partially cloudy",Partly cloudy throughout the day with late afternoon rain.,rain,"48894099999,48900099999,VVTS"
thu dau mot,2022-11-13,31.5,25,27.8,39.6,25,31.6,25.6,88.3,2.1,100,12.5,rain,0,0,23.4,18.5,105.8,1008.9,55.9,8.4,201.3,17.2,7,60,2022-11-13T05:48:24,2022-11-13T17:26:43,0.62,"Rain, Partially cloudy",Partly cloudy throughout the day with afternoon rain.,rain,"48894099999,48900099999,VVTS"
thu dau mot,2022-11-14,33,25,28.3,40.1,25,32.4,25.3,84.6,0.3,100,8.33,rain,0,0,40.7,17.5,98.7,1009.2,47.7,9.9,235.8,20.3,8,60,2022-11-14T05:48:46,2022-11-14T17:26:39,0.66,"Rain, Partially cloudy",Partly cloudy throughout the day with afternoon rain.,rain,"48894099999,48900099999,VVTS"
thu dau mot,2022-11-15,33,25,28.2,40.6,25,32.1,25.1,84.7,1.3,100,4.17,rain,0,0,44.6,17.7,130,1009.2,50.8,9.3,235.1,20.4,9,60,2022-11-15T05:49:09,2022-11-15T17:26:36,0.7,"Rain, Partially cloudy",Partly cloudy throughout the day with late afternoon rain.,rain,"48894099999,48900099999,VVTS"
thu dau mot,2022-11-16,33.9,24.5,28.2,41.3,24.5,31.5,25.1,84.6,0.5,100,12.5,rain,0,0,24.5,17.4,71.6,1008.4,55.9,9.3,226.2,19.4,9,60,2022-11-16T05:49:32,2022-11-16T17:26:33,0.75,"Rain, Partially cloudy",Partly cloudy throughout the day with rain.,rain,"48894099999,48900099999,VVTS"
thu dau mot,2022-11-17,32.7,25,28.2,39.9,25,31.9,25.1,85,3.8,100,25,rain,0,0,31.7,15.7,106.1,1008,50.2,9,219.9,18.8,8,60,2022-11-17T05:49:56,2022-11-17T17:26:32,0.8,"Rain, Partially cloudy",Partly cloudy throughout the day with rain.,rain,"48894099999,48900099999,VVTS"
thu dau mot,2022-11-18,32.9,25.5,28.4,41.4,25.5,32.7,25.8,86.5,6.4,100,37.5,rain,0,0,25.6,17.5,240.3,1008.5,61.4,8.6,234.6,20.3,9,60,2022-11-18T05:50:21,2022-11-18T17:26:32,0.85,"Rain, Partially cloudy",Partly cloudy throughout the day with rain.,rain,"48894099999,48900099999,VVTS"
thu dau mot,2022-11-19,28,24.9,26.1,31.9,24.9,27.3,24.8,92.9,15.5,100,4.17,rain,0,0,49.3,16.4,356.3,1007.6,89.2,9.1,58.1,5.3,5,10,2022-11-19T05:50:46,2022-11-19T17:26:33,0.89,"Rain, Partially cloudy",Partly cloudy throughout the day with late afternoon rain.,rain,"48894099999,48900099999,VVTS"
thu dau mot,2022-11-20,27,25,25.8,31.2,25,26.6,24.8,94.7,1.1,100,4.17,rain,0,0,25.2,13,347.2,1005.5,78,9.7,27.6,2.4,2,10,2022-11-20T05:51:12,2022-11-20T17:26:35,0.93,"Rain, Partially cloudy",Partly cloudy throughout the day with late afternoon rain.,rain,"48894099999,48900099999,VVTS"
thu dau mot,2022-11-21,29,24,26.2,34.6,24,28.2,24.9,92.9,0.3,100,4.17,rain,0,0,22.7,7.6,297.9,1005.3,75.3,9.5,170.1,14.9,7,30,2022-11-21T05:51:38,2022-11-21T17:26:39,0.97,"Rain, Partially cloudy",Partly cloudy throughout the day with late afternoon rain.,rain,"48894099999,48900099999,VVTS"
thu dau mot,2022-11-22,29,24.5,26.3,36.8,24.5,27.8,25.5,95.5,0.3,100,4.17,rain,0,0,20.2,14.9,192.3,1006.1,79.6,7.7,61.1,5.2,3,30,2022-11-22T05:52:05,2022-11-22T17:26:43,0.99,"Rain, Partially cloudy",Partly cloudy throughout the day with late afternoon rain.,rain,"48894099999,48900099999,VVTS"
thu dau mot,2022-11-23,30,25,26.4,38.6,25,28.5,25.6,95.7,19.9,100,4.17,rain,0,0,32,21.2,147.4,1007.8,87.3,8.4,215,18.5,8,30,2022-11-23T05:52:32,2022-11-23T17:26:49,1,"Rain, Partially cloudy",Partly cloudy throughout the day with late afternoon rain.,rain,"48894099999,48900099999,VVTS"
thu dau mot,2022-11-24,30,25,26.8,37.2,25,29.8,25.6,93.4,0.9,100,4.17,rain,0,0,55.4,18.5,123.8,1009.6,69.9,9.6,229,19.9,8,30,2022-11-24T05:53:00,2022-11-24T17:26:55,0,"Rain, Partially cloudy",Partly cloudy throughout the day with late afternoon rain.,rain,"48894099999,48900099999,VVTS"
thu dau mot,2022-11-25,32,25,28,40.6,25,32.2,25.5,86.5,0.1,100,4.17,rain,0,0,30.2,15.7,136.8,1010.7,53.1,10.1,227,19.5,8,60,2022-11-25T05:53:28,2022-11-25T17:27:03,0.02,"Rain, Partially cloudy",Partly cloudy throughout the day with late afternoon rain.,rain,"48894099999,48900099999,VVTS"
thu dau mot,2022-11-26,32.2,25,27.9,39.2,25,31.3,25.2,86.2,15,100,4.17,rain,0,0,27.7,20.3,117.1,1010,56.7,9.7,232.9,20.1,9,60,2022-11-26T05:53:57,2022-11-26T17:27:11,0.04,"Rain, Partially cloudy",Partly cloudy throughout the day with late afternoon rain.,rain,"48894099999,48900099999,VVTS"
thu dau mot,2022-11-27,32.5,25.9,28.5,39.9,25.9,32.8,25.3,83.7,2.2,100,16.67,rain,0,0,61.2,16.6,131.3,1009.1,46,10.1,208.2,18.2,9,60,2022-11-27T05:54:26,2022-11-27T17:27:21,0.08,"Rain, Partially cloudy",Partly cloudy throughout the day with rain.,rain,"48894099999,48900099999,VVTS"
thu dau mot,2022-11-28,32.9,26,28.9,39.9,26,33.4,25.3,82.4,0.3,100,12.5,rain,0,0,38.9,14.8,128.2,1009.3,44.6,10.9,222,19.2,8,60,2022-11-28T05:54:55,2022-11-28T17:27:32,0.13,"Rain, Partially cloudy",Partly cloudy throughout the day with afternoon rain.,rain,"48894099999,48900099999,VVTS,remote"
thu dau mot,2022-11-29,33,26.5,29.1,39.9,26.5,33.2,24.2,76.2,1.1,100,20.83,rain,0,0,19.4,16.8,127.3,1009.6,55.1,10.3,246.7,21.4,9,60,2022-11-29T05:55:25,2022-11-29T17:27:43,0.19,"Rain, Partially cloudy",Partly cloudy throughout the day with rain in the morning and afternoon.,rain,"48894099999,48900099999,VVTS"
thu dau mot,2022-11-30,33.4,23.5,28.8,40.6,23.5,32.8,24.3,78.1,0.2,100,4.17,rain,0,0,14,13,100.3,1009.5,57.2,10.7,229.1,19.9,8,60,2022-11-30T05:55:55,2022-11-30T17:27:56,0.24,"Rain, Partially cloudy",Partly cloudy throughout the day with afternoon rain.,rain,"48894099999,48900099999,VVTS,remote"
